-- phpMyAdmin SQL Dump
-- version 4.6.5.2
-- https://www.phpmyadmin.net/
--
-- Servidor: localhost
-- Tiempo de generación: 26-06-2017 a las 22:14:30
-- Versión del servidor: 10.1.21-MariaDB
-- Versión de PHP: 5.6.30

SET SQL_MODE = "NO_AUTO_VALUE_ON_ZERO";
SET time_zone = "+00:00";


/*!40101 SET @OLD_CHARACTER_SET_CLIENT=@@CHARACTER_SET_CLIENT */;
/*!40101 SET @OLD_CHARACTER_SET_RESULTS=@@CHARACTER_SET_RESULTS */;
/*!40101 SET @OLD_COLLATION_CONNECTION=@@COLLATION_CONNECTION */;
/*!40101 SET NAMES utf8mb4 */;

--
-- Base de datos: `sushifukusuke`
--

DELIMITER $$
--
-- Procedimientos
--
CREATE DEFINER=`root`@`localhost` PROCEDURE `seleccionarProducts` ()  SELECT * FROM products$$

DELIMITER ;

-- --------------------------------------------------------

--
-- Estructura de tabla para la tabla `optiongroups`
--

CREATE TABLE `optiongroups` (
  `OptionGroupID` int(11) NOT NULL,
  `OptionGroupName` varchar(50) COLLATE latin1_german2_ci DEFAULT NULL
) ENGINE=MyISAM DEFAULT CHARSET=latin1 COLLATE=latin1_german2_ci;

-- --------------------------------------------------------

--
-- Estructura de tabla para la tabla `options`
--

CREATE TABLE `options` (
  `OptionID` int(11) NOT NULL,
  `OptionGroupID` int(11) DEFAULT NULL,
  `OptionName` varchar(50) COLLATE latin1_german2_ci DEFAULT NULL
) ENGINE=MyISAM DEFAULT CHARSET=latin1 COLLATE=latin1_german2_ci;

-- --------------------------------------------------------

--
-- Estructura de tabla para la tabla `orderdetails`
--

CREATE TABLE `orderdetails` (
  `DetailID` int(11) NOT NULL,
  `DetailOrderID` int(11) NOT NULL,
  `DetailProductID` int(11) NOT NULL,
  `DetailName` varchar(250) COLLATE latin1_german2_ci NOT NULL,
  `DetailPrice` float NOT NULL,
  `DetailSKU` varchar(50) COLLATE latin1_german2_ci DEFAULT NULL,
  `DetailQuantity` int(11) DEFAULT NULL
) ENGINE=MyISAM DEFAULT CHARSET=latin1 COLLATE=latin1_german2_ci;

--
-- Volcado de datos para la tabla `orderdetails`
--

INSERT INTO `orderdetails` (`DetailID`, `DetailOrderID`, `DetailProductID`, `DetailName`, `DetailPrice`, `DetailSKU`, `DetailQuantity`) VALUES
(1, 1, 991, 'tres', 1000, NULL, NULL),
(2, 1, 991, 'tres', 2000, NULL, NULL),
(3, 1, 991, 'tres', 1000, NULL, NULL),
(4, 1, 991, 'tres', 2000, NULL, NULL),
(5, 1, 991, 'tres', 1000, NULL, NULL),
(6, 1, 991, 'tres', 2000, NULL, NULL),
(7, 1, 991, 'tres', 1000, NULL, NULL),
(8, 1, 991, 'tres', 1000, NULL, NULL),
(9, 2, 993, 'dos', 3000, NULL, NULL),
(10, 2, 993, 'dos', 3000, NULL, NULL),
(11, 2, 993, 'dos', 3000, NULL, NULL),
(12, 2, 993, 'dos', 3000, NULL, NULL),
(13, 2, 993, 'dos', 3000, NULL, NULL),
(14, 2, 993, 'dos', 3000, NULL, NULL),
(15, 2, 993, 'dos', 3000, NULL, NULL),
(16, 2, 993, 'dos', 3000, NULL, NULL);

-- --------------------------------------------------------

--
-- Estructura de tabla para la tabla `orders`
--

CREATE TABLE `orders` (
  `OrderID` int(11) NOT NULL,
  `OrderUserID` int(11) DEFAULT NULL,
  `OrderAmount` int(11) NOT NULL,
  `OrderShipName` varchar(100) COLLATE latin1_german2_ci DEFAULT NULL,
  `OrderShipAddress` varchar(100) COLLATE latin1_german2_ci NOT NULL,
  `OrderShipAddress2` varchar(100) COLLATE latin1_german2_ci DEFAULT NULL,
  `OrderCity` varchar(50) COLLATE latin1_german2_ci DEFAULT NULL,
  `OrderState` varchar(50) COLLATE latin1_german2_ci DEFAULT NULL,
  `OrderZip` varchar(20) COLLATE latin1_german2_ci DEFAULT NULL,
  `OrderCountry` varchar(50) COLLATE latin1_german2_ci DEFAULT NULL,
  `OrderPhone` varchar(20) COLLATE latin1_german2_ci NOT NULL,
  `OrderFax` varchar(20) COLLATE latin1_german2_ci DEFAULT NULL,
  `OrderShipping` float DEFAULT NULL,
  `OrderTax` float DEFAULT NULL,
  `OrderEmail` varchar(100) COLLATE latin1_german2_ci NOT NULL,
  `OrderDate` timestamp NOT NULL DEFAULT CURRENT_TIMESTAMP,
  `OrderShipped` tinyint(1) NOT NULL DEFAULT '0',
  `OrderTrackingNumber` varchar(80) COLLATE latin1_german2_ci DEFAULT NULL
) ENGINE=MyISAM DEFAULT CHARSET=latin1 COLLATE=latin1_german2_ci;

--
-- Volcado de datos para la tabla `orders`
--

INSERT INTO `orders` (`OrderID`, `OrderUserID`, `OrderAmount`, `OrderShipName`, `OrderShipAddress`, `OrderShipAddress2`, `OrderCity`, `OrderState`, `OrderZip`, `OrderCountry`, `OrderPhone`, `OrderFax`, `OrderShipping`, `OrderTax`, `OrderEmail`, `OrderDate`, `OrderShipped`, `OrderTrackingNumber`) VALUES
(1, 4, 20000, NULL, 'estepa Bleh', NULL, NULL, NULL, NULL, NULL, '123456789', NULL, NULL, NULL, 'mahsah@gmail.com', '2017-06-22 01:18:02', 1, NULL),
(2, 4, 20000, NULL, 'estepa Bleh', NULL, NULL, NULL, NULL, NULL, '123456789', NULL, NULL, NULL, 'mahsah@gmail.com', '2017-06-21 01:18:14', 1, NULL),
(3, 4, 20000, NULL, 'estepa Bleh', NULL, NULL, NULL, NULL, NULL, '123456789', NULL, NULL, NULL, 'mahsah@gmail.com', '2017-06-22 01:18:17', 1, NULL),
(4, 4, 20000, NULL, 'estepa Bleh', NULL, NULL, NULL, NULL, NULL, '123456789', NULL, NULL, NULL, 'mahsah@gmail.com', '2017-06-22 01:18:17', 1, NULL),
(5, 4, 20000, NULL, 'estepa Bleh', NULL, NULL, NULL, NULL, NULL, '123456789', NULL, NULL, NULL, 'mahsah@gmail.com', '2017-06-22 01:18:20', 1, NULL),
(6, 4, 20000, NULL, 'estepa Bleh', NULL, NULL, NULL, NULL, NULL, '123456789', NULL, NULL, NULL, 'mahsah@gmail.com', '2017-06-22 01:18:20', 1, NULL),
(7, 4, 20000, NULL, 'estepa Bleh', NULL, NULL, NULL, NULL, NULL, '123456789', NULL, NULL, NULL, 'mahsah@gmail.com', '2017-06-22 01:18:20', 1, NULL),
(8, 4, 20000, NULL, 'estepa Bleh', NULL, NULL, NULL, NULL, NULL, '123456789', NULL, NULL, NULL, 'mahsah@gmail.com', '2017-06-22 01:18:20', 1, NULL),
(9, 4, 20000, NULL, 'estepa Bleh', NULL, NULL, NULL, NULL, NULL, '123456789', NULL, NULL, NULL, 'mahsah@gmail.com', '2017-06-22 01:18:22', 1, NULL),
(10, 4, 20000, NULL, 'estepa Bleh', NULL, NULL, NULL, NULL, NULL, '123456789', NULL, NULL, NULL, 'mahsah@gmail.com', '2017-06-21 01:18:22', 1, NULL),
(11, 4, 20000, NULL, 'estepa Bleh', NULL, NULL, NULL, NULL, NULL, '123456789', NULL, NULL, NULL, 'mahsah@gmail.com', '2017-06-21 01:18:22', 1, NULL),
(12, 4, 20000, NULL, 'estepa Bleh', NULL, NULL, NULL, NULL, NULL, '123456789', NULL, NULL, NULL, 'mahsah@gmail.com', '2017-06-20 01:18:22', 1, NULL),
(13, 4, 20000, NULL, 'estepa Bleh', NULL, NULL, NULL, NULL, NULL, '123456789', NULL, NULL, NULL, 'mahsah@gmail.com', '2017-06-20 01:18:22', 1, NULL),
(14, 4, 20000, NULL, 'estepa Bleh', NULL, NULL, NULL, NULL, NULL, '123456789', NULL, NULL, NULL, 'mahsah@gmail.com', '2017-06-23 01:18:22', 1, NULL),
(15, 4, 20000, NULL, 'estepa Bleh', NULL, NULL, NULL, NULL, NULL, '123456789', NULL, NULL, NULL, 'mahsah@gmail.com', '2017-06-23 01:18:22', 1, NULL),
(16, 4, 20000, NULL, 'estepa Bleh', NULL, NULL, NULL, NULL, NULL, '123456789', NULL, NULL, NULL, 'mahsah@gmail.com', '2017-06-23 01:18:22', 1, NULL),
(17, 4, 20000, NULL, 'estepa Bleh', NULL, NULL, NULL, NULL, NULL, '123456789', NULL, NULL, NULL, 'mahsah@gmail.com', '2017-06-23 01:18:23', 1, NULL),
(18, 4, 20000, NULL, 'estepa Bleh', NULL, NULL, NULL, NULL, NULL, '123456789', NULL, NULL, NULL, 'mahsah@gmail.com', '2017-06-23 01:18:23', 1, NULL),
(19, 4, 20000, NULL, 'estepa Bleh', NULL, NULL, NULL, NULL, NULL, '123456789', NULL, NULL, NULL, 'mahsah@gmail.com', '2017-06-23 01:18:23', 1, NULL),
(20, 4, 20000, NULL, 'estepa Bleh', NULL, NULL, NULL, NULL, NULL, '123456789', NULL, NULL, NULL, 'mahsah@gmail.com', '2017-06-23 01:18:23', 1, NULL),
(21, 4, 20000, NULL, 'estepa Bleh', NULL, NULL, NULL, NULL, NULL, '123456789', NULL, NULL, NULL, 'mahsah@gmail.com', '2017-06-23 01:18:23', 1, NULL),
(22, 4, 20000, NULL, 'estepa Bleh', NULL, NULL, NULL, NULL, NULL, '123456789', NULL, NULL, NULL, 'mahsah@gmail.com', '2017-06-23 01:18:23', 1, NULL),
(23, 4, 20000, NULL, 'estepa Bleh', NULL, NULL, NULL, NULL, NULL, '123456789', NULL, NULL, NULL, 'mahsah@gmail.com', '2017-06-23 01:18:23', 1, NULL),
(24, 4, 20000, NULL, 'estepa Bleh', NULL, NULL, NULL, NULL, NULL, '123456789', NULL, NULL, NULL, 'mahsah@gmail.com', '2017-06-23 01:18:23', 1, NULL),
(25, 4, 20000, NULL, 'estepa Bleh', NULL, NULL, NULL, NULL, NULL, '123456789', NULL, NULL, NULL, 'mahsah@gmail.com', '2017-06-23 01:18:23', 1, NULL),
(26, 4, 20000, NULL, 'estepa Bleh', NULL, NULL, NULL, NULL, NULL, '123456789', NULL, NULL, NULL, 'mahsah@gmail.com', '2017-06-23 01:18:23', 1, NULL),
(27, 4, 20000, NULL, 'estepa Bleh', NULL, NULL, NULL, NULL, NULL, '123456789', NULL, NULL, NULL, 'mahsah@gmail.com', '2017-06-23 01:18:23', 1, NULL),
(28, 4, 20000, NULL, 'estepa Bleh', NULL, NULL, NULL, NULL, NULL, '123456789', NULL, NULL, NULL, 'mahsah@gmail.com', '2017-06-23 01:18:23', 1, NULL),
(29, 4, 20000, NULL, 'estepa Bleh', NULL, NULL, NULL, NULL, NULL, '123456789', NULL, NULL, NULL, 'mahsah@gmail.com', '2017-06-23 01:18:23', 1, NULL),
(30, 4, 20000, NULL, 'estepa Bleh', NULL, NULL, NULL, NULL, NULL, '123456789', NULL, NULL, NULL, 'mahsah@gmail.com', '2017-06-23 01:18:23', 1, NULL),
(31, 4, 20000, NULL, 'estepa Bleh', NULL, NULL, NULL, NULL, NULL, '123456789', NULL, NULL, NULL, 'mahsah@gmail.com', '2017-06-23 01:18:23', 1, NULL),
(32, 4, 20000, NULL, 'estepa Bleh', NULL, NULL, NULL, NULL, NULL, '123456789', NULL, NULL, NULL, 'mahsah@gmail.com', '2017-06-23 01:18:23', 1, NULL),
(33, 4, 20000, NULL, 'estepa Bleh', NULL, NULL, NULL, NULL, NULL, '123456789', NULL, NULL, NULL, 'mahsah@gmail.com', '2017-06-23 01:18:24', 1, NULL),
(34, 4, 20000, NULL, 'estepa Bleh', NULL, NULL, NULL, NULL, NULL, '123456789', NULL, NULL, NULL, 'mahsah@gmail.com', '2017-06-23 01:18:24', 1, NULL),
(35, 4, 20000, NULL, 'estepa Bleh', NULL, NULL, NULL, NULL, NULL, '123456789', NULL, NULL, NULL, 'mahsah@gmail.com', '2017-06-23 01:18:24', 1, NULL),
(36, 4, 20000, NULL, 'estepa Bleh', NULL, NULL, NULL, NULL, NULL, '123456789', NULL, NULL, NULL, 'mahsah@gmail.com', '2017-06-23 01:18:24', 1, NULL),
(37, 4, 20000, NULL, 'estepa Bleh', NULL, NULL, NULL, NULL, NULL, '123456789', NULL, NULL, NULL, 'mahsah@gmail.com', '2017-06-23 01:18:24', 1, NULL),
(38, 4, 20000, NULL, 'estepa Bleh', NULL, NULL, NULL, NULL, NULL, '123456789', NULL, NULL, NULL, 'mahsah@gmail.com', '2017-06-23 01:18:24', 1, NULL),
(39, 4, 20000, NULL, 'estepa Bleh', NULL, NULL, NULL, NULL, NULL, '123456789', NULL, NULL, NULL, 'mahsah@gmail.com', '2017-06-23 01:18:24', 1, NULL),
(40, 4, 20000, NULL, 'estepa Bleh', NULL, NULL, NULL, NULL, NULL, '123456789', NULL, NULL, NULL, 'mahsah@gmail.com', '2017-06-23 01:18:24', 1, NULL),
(41, 4, 20000, NULL, 'estepa Bleh', NULL, NULL, NULL, NULL, NULL, '123456789', NULL, NULL, NULL, 'mahsah@gmail.com', '2017-06-23 01:18:24', 1, NULL),
(42, 4, 20000, NULL, 'estepa Bleh', NULL, NULL, NULL, NULL, NULL, '123456789', NULL, NULL, NULL, 'mahsah@gmail.com', '2017-06-23 01:18:24', 1, NULL),
(43, 4, 20000, NULL, 'estepa Bleh', NULL, NULL, NULL, NULL, NULL, '123456789', NULL, NULL, NULL, 'mahsah@gmail.com', '2017-06-23 01:18:24', 1, NULL),
(44, 4, 20000, NULL, 'estepa Bleh', NULL, NULL, NULL, NULL, NULL, '123456789', NULL, NULL, NULL, 'mahsah@gmail.com', '2017-06-23 01:18:24', 1, NULL),
(45, 4, 20000, NULL, 'estepa Bleh', NULL, NULL, NULL, NULL, NULL, '123456789', NULL, NULL, NULL, 'mahsah@gmail.com', '2017-06-23 01:18:24', 1, NULL),
(46, 4, 20000, NULL, 'estepa Bleh', NULL, NULL, NULL, NULL, NULL, '123456789', NULL, NULL, NULL, 'mahsah@gmail.com', '2017-06-23 01:18:24', 1, NULL),
(47, 4, 20000, NULL, 'estepa Bleh', NULL, NULL, NULL, NULL, NULL, '123456789', NULL, NULL, NULL, 'mahsah@gmail.com', '2017-06-23 01:18:24', 1, NULL),
(48, 4, 20000, NULL, 'estepa Bleh', NULL, NULL, NULL, NULL, NULL, '123456789', NULL, NULL, NULL, 'mahsah@gmail.com', '2017-06-23 01:18:24', 1, NULL),
(49, 4, 20000, NULL, 'estepa Bleh', NULL, NULL, NULL, NULL, NULL, '123456789', NULL, NULL, NULL, 'mahsah@gmail.com', '2017-06-23 01:18:24', 1, NULL),
(50, 4, 20000, NULL, 'estepa Bleh', NULL, NULL, NULL, NULL, NULL, '123456789', NULL, NULL, NULL, 'mahsah@gmail.com', '2017-06-23 01:18:24', 1, NULL),
(51, 4, 20000, NULL, 'estepa Bleh', NULL, NULL, NULL, NULL, NULL, '123456789', NULL, NULL, NULL, 'mahsah@gmail.com', '2017-06-23 01:18:24', 1, NULL),
(52, 4, 20000, NULL, 'estepa Bleh', NULL, NULL, NULL, NULL, NULL, '123456789', NULL, NULL, NULL, 'mahsah@gmail.com', '2017-06-23 01:18:24', 1, NULL),
(53, 4, 20000, NULL, 'estepa Bleh', NULL, NULL, NULL, NULL, NULL, '123456789', NULL, NULL, NULL, 'mahsah@gmail.com', '2017-06-23 01:18:24', 1, NULL),
(54, 4, 20000, NULL, 'estepa Bleh', NULL, NULL, NULL, NULL, NULL, '123456789', NULL, NULL, NULL, 'mahsah@gmail.com', '2017-06-23 01:18:24', 1, NULL),
(55, 4, 20000, NULL, 'estepa Bleh', NULL, NULL, NULL, NULL, NULL, '123456789', NULL, NULL, NULL, 'mahsah@gmail.com', '2017-06-23 01:18:24', 1, NULL),
(56, 4, 20000, NULL, 'estepa Bleh', NULL, NULL, NULL, NULL, NULL, '123456789', NULL, NULL, NULL, 'mahsah@gmail.com', '2017-06-23 01:18:24', 1, NULL),
(57, 4, 20000, NULL, 'estepa Bleh', NULL, NULL, NULL, NULL, NULL, '123456789', NULL, NULL, NULL, 'mahsah@gmail.com', '2017-06-23 01:18:24', 1, NULL),
(58, 4, 20000, NULL, 'estepa Bleh', NULL, NULL, NULL, NULL, NULL, '123456789', NULL, NULL, NULL, 'mahsah@gmail.com', '2017-06-23 01:18:24', 1, NULL),
(59, 4, 20000, NULL, 'estepa Bleh', NULL, NULL, NULL, NULL, NULL, '123456789', NULL, NULL, NULL, 'mahsah@gmail.com', '2017-06-23 01:18:24', 1, NULL),
(60, 4, 20000, NULL, 'estepa Bleh', NULL, NULL, NULL, NULL, NULL, '123456789', NULL, NULL, NULL, 'mahsah@gmail.com', '2017-06-23 01:18:24', 1, NULL),
(61, 4, 20000, NULL, 'estepa Bleh', NULL, NULL, NULL, NULL, NULL, '123456789', NULL, NULL, NULL, 'mahsah@gmail.com', '2017-06-23 01:18:24', 1, NULL),
(62, 4, 20000, NULL, 'estepa Bleh', NULL, NULL, NULL, NULL, NULL, '123456789', NULL, NULL, NULL, 'mahsah@gmail.com', '2017-06-23 01:18:24', 1, NULL),
(63, 4, 20000, NULL, 'estepa Bleh', NULL, NULL, NULL, NULL, NULL, '123456789', NULL, NULL, NULL, 'mahsah@gmail.com', '2017-06-23 01:18:24', 1, NULL),
(64, 4, 20000, NULL, 'estepa Bleh', NULL, NULL, NULL, NULL, NULL, '123456789', NULL, NULL, NULL, 'mahsah@gmail.com', '2017-06-23 01:18:24', 1, NULL),
(65, 4, 20000, NULL, 'estepa Bleh', NULL, NULL, NULL, NULL, NULL, '123456789', NULL, NULL, NULL, 'mahsah@gmail.com', '2017-06-23 01:18:25', 1, NULL),
(66, 4, 20000, NULL, 'estepa Bleh', NULL, NULL, NULL, NULL, NULL, '123456789', NULL, NULL, NULL, 'mahsah@gmail.com', '2017-06-23 01:18:25', 1, NULL),
(67, 4, 20000, NULL, 'estepa Bleh', NULL, NULL, NULL, NULL, NULL, '123456789', NULL, NULL, NULL, 'mahsah@gmail.com', '2017-06-23 01:18:25', 1, NULL),
(68, 4, 20000, NULL, 'estepa Bleh', NULL, NULL, NULL, NULL, NULL, '123456789', NULL, NULL, NULL, 'mahsah@gmail.com', '2017-06-23 01:18:25', 1, NULL),
(69, 4, 20000, NULL, 'estepa Bleh', NULL, NULL, NULL, NULL, NULL, '123456789', NULL, NULL, NULL, 'mahsah@gmail.com', '2017-06-23 01:18:25', 1, NULL),
(70, 4, 20000, NULL, 'estepa Bleh', NULL, NULL, NULL, NULL, NULL, '123456789', NULL, NULL, NULL, 'mahsah@gmail.com', '2017-06-23 01:18:25', 1, NULL),
(71, 4, 20000, NULL, 'estepa Bleh', NULL, NULL, NULL, NULL, NULL, '123456789', NULL, NULL, NULL, 'mahsah@gmail.com', '2017-06-23 01:18:25', 1, NULL),
(72, 4, 20000, NULL, 'estepa Bleh', NULL, NULL, NULL, NULL, NULL, '123456789', NULL, NULL, NULL, 'mahsah@gmail.com', '2017-06-23 01:18:25', 1, NULL),
(73, 4, 20000, NULL, 'estepa Bleh', NULL, NULL, NULL, NULL, NULL, '123456789', NULL, NULL, NULL, 'mahsah@gmail.com', '2017-06-23 01:18:25', 1, NULL),
(74, 4, 20000, NULL, 'estepa Bleh', NULL, NULL, NULL, NULL, NULL, '123456789', NULL, NULL, NULL, 'mahsah@gmail.com', '2017-06-23 01:18:25', 1, NULL),
(75, 4, 20000, NULL, 'estepa Bleh', NULL, NULL, NULL, NULL, NULL, '123456789', NULL, NULL, NULL, 'mahsah@gmail.com', '2017-06-23 01:18:25', 1, NULL),
(76, 4, 20000, NULL, 'estepa Bleh', NULL, NULL, NULL, NULL, NULL, '123456789', NULL, NULL, NULL, 'mahsah@gmail.com', '2017-06-23 01:18:25', 1, NULL),
(77, 4, 20000, NULL, 'estepa Bleh', NULL, NULL, NULL, NULL, NULL, '123456789', NULL, NULL, NULL, 'mahsah@gmail.com', '2017-06-23 01:18:25', 1, NULL),
(78, 4, 20000, NULL, 'estepa Bleh', NULL, NULL, NULL, NULL, NULL, '123456789', NULL, NULL, NULL, 'mahsah@gmail.com', '2017-06-23 01:18:25', 1, NULL),
(79, 4, 20000, NULL, 'estepa Bleh', NULL, NULL, NULL, NULL, NULL, '123456789', NULL, NULL, NULL, 'mahsah@gmail.com', '2017-06-23 01:18:25', 1, NULL),
(80, 4, 20000, NULL, 'estepa Bleh', NULL, NULL, NULL, NULL, NULL, '123456789', NULL, NULL, NULL, 'mahsah@gmail.com', '2017-06-23 01:18:25', 1, NULL),
(81, 4, 20000, NULL, 'estepa Bleh', NULL, NULL, NULL, NULL, NULL, '123456789', NULL, NULL, NULL, 'mahsah@gmail.com', '2017-06-23 01:18:25', 1, NULL),
(82, 4, 20000, NULL, 'estepa Bleh', NULL, NULL, NULL, NULL, NULL, '123456789', NULL, NULL, NULL, 'mahsah@gmail.com', '2017-06-23 01:18:25', 1, NULL),
(83, 4, 20000, NULL, 'estepa Bleh', NULL, NULL, NULL, NULL, NULL, '123456789', NULL, NULL, NULL, 'mahsah@gmail.com', '2017-06-23 01:18:25', 1, NULL),
(84, 4, 20000, NULL, 'estepa Bleh', NULL, NULL, NULL, NULL, NULL, '123456789', NULL, NULL, NULL, 'mahsah@gmail.com', '2017-06-23 01:18:25', 1, NULL),
(85, 4, 20000, NULL, 'estepa Bleh', NULL, NULL, NULL, NULL, NULL, '123456789', NULL, NULL, NULL, 'mahsah@gmail.com', '2017-06-23 01:18:25', 1, NULL),
(86, 4, 20000, NULL, 'estepa Bleh', NULL, NULL, NULL, NULL, NULL, '123456789', NULL, NULL, NULL, 'mahsah@gmail.com', '2017-06-23 01:18:25', 1, NULL),
(87, 4, 20000, NULL, 'estepa Bleh', NULL, NULL, NULL, NULL, NULL, '123456789', NULL, NULL, NULL, 'mahsah@gmail.com', '2017-06-23 01:18:25', 1, NULL),
(88, 4, 20000, NULL, 'estepa Bleh', NULL, NULL, NULL, NULL, NULL, '123456789', NULL, NULL, NULL, 'mahsah@gmail.com', '2017-06-23 01:18:25', 1, NULL),
(89, 4, 20000, NULL, 'estepa Bleh', NULL, NULL, NULL, NULL, NULL, '123456789', NULL, NULL, NULL, 'mahsah@gmail.com', '2017-06-23 01:18:25', 1, NULL),
(90, 4, 20000, NULL, 'estepa Bleh', NULL, NULL, NULL, NULL, NULL, '123456789', NULL, NULL, NULL, 'mahsah@gmail.com', '2017-06-23 01:18:25', 1, NULL),
(91, 4, 20000, NULL, 'estepa Bleh', NULL, NULL, NULL, NULL, NULL, '123456789', NULL, NULL, NULL, 'mahsah@gmail.com', '2017-06-23 01:18:25', 1, NULL),
(92, 4, 20000, NULL, 'estepa Bleh', NULL, NULL, NULL, NULL, NULL, '123456789', NULL, NULL, NULL, 'mahsah@gmail.com', '2017-06-23 01:18:25', 1, NULL),
(93, 4, 20000, NULL, 'estepa Bleh', NULL, NULL, NULL, NULL, NULL, '123456789', NULL, NULL, NULL, 'mahsah@gmail.com', '2017-06-23 01:18:25', 1, NULL),
(94, 4, 20000, NULL, 'estepa Bleh', NULL, NULL, NULL, NULL, NULL, '123456789', NULL, NULL, NULL, 'mahsah@gmail.com', '2017-06-23 01:18:25', 1, NULL),
(95, 4, 20000, NULL, 'estepa Bleh', NULL, NULL, NULL, NULL, NULL, '123456789', NULL, NULL, NULL, 'mahsah@gmail.com', '2017-06-23 01:18:25', 1, NULL),
(96, 4, 20000, NULL, 'estepa Bleh', NULL, NULL, NULL, NULL, NULL, '123456789', NULL, NULL, NULL, 'mahsah@gmail.com', '2017-06-23 01:18:25', 1, NULL),
(97, 4, 20000, NULL, 'estepa Bleh', NULL, NULL, NULL, NULL, NULL, '123456789', NULL, NULL, NULL, 'mahsah@gmail.com', '2017-06-23 01:18:25', 1, NULL),
(98, 4, 20000, NULL, 'estepa Bleh', NULL, NULL, NULL, NULL, NULL, '123456789', NULL, NULL, NULL, 'mahsah@gmail.com', '2017-06-23 01:18:25', 1, NULL),
(99, 4, 20000, NULL, 'estepa Bleh', NULL, NULL, NULL, NULL, NULL, '123456789', NULL, NULL, NULL, 'mahsah@gmail.com', '2017-06-23 01:18:25', 1, NULL),
(100, 4, 20000, NULL, 'estepa Bleh', NULL, NULL, NULL, NULL, NULL, '123456789', NULL, NULL, NULL, 'mahsah@gmail.com', '2017-06-23 01:18:25', 1, NULL),
(101, 4, 20000, NULL, 'estepa Bleh', NULL, NULL, NULL, NULL, NULL, '123456789', NULL, NULL, NULL, 'mahsah@gmail.com', '2017-06-23 01:18:25', 1, NULL),
(102, 4, 20000, NULL, 'estepa Bleh', NULL, NULL, NULL, NULL, NULL, '123456789', NULL, NULL, NULL, 'mahsah@gmail.com', '2017-06-23 01:18:25', 1, NULL),
(103, 4, 20000, NULL, 'estepa Bleh', NULL, NULL, NULL, NULL, NULL, '123456789', NULL, NULL, NULL, 'mahsah@gmail.com', '2017-06-23 01:18:25', 1, NULL),
(104, 4, 20000, NULL, 'estepa Bleh', NULL, NULL, NULL, NULL, NULL, '123456789', NULL, NULL, NULL, 'mahsah@gmail.com', '2017-06-23 01:18:25', 1, NULL),
(105, 4, 20000, NULL, 'estepa Bleh', NULL, NULL, NULL, NULL, NULL, '123456789', NULL, NULL, NULL, 'mahsah@gmail.com', '2017-06-23 01:18:25', 1, NULL),
(106, 4, 20000, NULL, 'estepa Bleh', NULL, NULL, NULL, NULL, NULL, '123456789', NULL, NULL, NULL, 'mahsah@gmail.com', '2017-06-23 01:18:25', 1, NULL),
(107, 4, 20000, NULL, 'estepa Bleh', NULL, NULL, NULL, NULL, NULL, '123456789', NULL, NULL, NULL, 'mahsah@gmail.com', '2017-06-23 01:18:25', 1, NULL),
(108, 4, 20000, NULL, 'estepa Bleh', NULL, NULL, NULL, NULL, NULL, '123456789', NULL, NULL, NULL, 'mahsah@gmail.com', '2017-06-23 01:18:25', 1, NULL),
(109, 4, 20000, NULL, 'estepa Bleh', NULL, NULL, NULL, NULL, NULL, '123456789', NULL, NULL, NULL, 'mahsah@gmail.com', '2017-06-23 01:18:25', 1, NULL),
(110, 4, 20000, NULL, 'estepa Bleh', NULL, NULL, NULL, NULL, NULL, '123456789', NULL, NULL, NULL, 'mahsah@gmail.com', '2017-06-23 01:18:25', 1, NULL),
(111, 4, 20000, NULL, 'estepa Bleh', NULL, NULL, NULL, NULL, NULL, '123456789', NULL, NULL, NULL, 'mahsah@gmail.com', '2017-06-23 01:18:25', 1, NULL),
(112, 4, 20000, NULL, 'estepa Bleh', NULL, NULL, NULL, NULL, NULL, '123456789', NULL, NULL, NULL, 'mahsah@gmail.com', '2017-06-23 01:18:25', 1, NULL),
(113, 4, 20000, NULL, 'estepa Bleh', NULL, NULL, NULL, NULL, NULL, '123456789', NULL, NULL, NULL, 'mahsah@gmail.com', '2017-06-23 01:18:25', 1, NULL),
(114, 4, 20000, NULL, 'estepa Bleh', NULL, NULL, NULL, NULL, NULL, '123456789', NULL, NULL, NULL, 'mahsah@gmail.com', '2017-06-23 01:18:25', 1, NULL),
(115, 4, 20000, NULL, 'estepa Bleh', NULL, NULL, NULL, NULL, NULL, '123456789', NULL, NULL, NULL, 'mahsah@gmail.com', '2017-06-23 01:18:25', 1, NULL),
(116, 4, 20000, NULL, 'estepa Bleh', NULL, NULL, NULL, NULL, NULL, '123456789', NULL, NULL, NULL, 'mahsah@gmail.com', '2017-06-23 01:18:25', 1, NULL),
(117, 4, 20000, NULL, 'estepa Bleh', NULL, NULL, NULL, NULL, NULL, '123456789', NULL, NULL, NULL, 'mahsah@gmail.com', '2017-06-23 01:18:25', 1, NULL),
(118, 4, 20000, NULL, 'estepa Bleh', NULL, NULL, NULL, NULL, NULL, '123456789', NULL, NULL, NULL, 'mahsah@gmail.com', '2017-06-23 01:18:25', 1, NULL),
(119, 4, 20000, NULL, 'estepa Bleh', NULL, NULL, NULL, NULL, NULL, '123456789', NULL, NULL, NULL, 'mahsah@gmail.com', '2017-06-23 01:18:25', 1, NULL),
(120, 4, 20000, NULL, 'estepa Bleh', NULL, NULL, NULL, NULL, NULL, '123456789', NULL, NULL, NULL, 'mahsah@gmail.com', '2017-06-23 01:18:25', 1, NULL),
(121, 4, 20000, NULL, 'estepa Bleh', NULL, NULL, NULL, NULL, NULL, '123456789', NULL, NULL, NULL, 'mahsah@gmail.com', '2017-06-23 01:18:25', 1, NULL),
(122, 4, 20000, NULL, 'estepa Bleh', NULL, NULL, NULL, NULL, NULL, '123456789', NULL, NULL, NULL, 'mahsah@gmail.com', '2017-06-23 01:18:25', 1, NULL),
(123, 4, 20000, NULL, 'estepa Bleh', NULL, NULL, NULL, NULL, NULL, '123456789', NULL, NULL, NULL, 'mahsah@gmail.com', '2017-06-23 01:18:25', 1, NULL),
(124, 4, 20000, NULL, 'estepa Bleh', NULL, NULL, NULL, NULL, NULL, '123456789', NULL, NULL, NULL, 'mahsah@gmail.com', '2017-06-23 01:18:25', 1, NULL),
(125, 4, 20000, NULL, 'estepa Bleh', NULL, NULL, NULL, NULL, NULL, '123456789', NULL, NULL, NULL, 'mahsah@gmail.com', '2017-06-23 01:18:25', 1, NULL),
(126, 4, 20000, NULL, 'estepa Bleh', NULL, NULL, NULL, NULL, NULL, '123456789', NULL, NULL, NULL, 'mahsah@gmail.com', '2017-06-23 01:18:25', 1, NULL),
(127, 4, 20000, NULL, 'estepa Bleh', NULL, NULL, NULL, NULL, NULL, '123456789', NULL, NULL, NULL, 'mahsah@gmail.com', '2017-06-23 01:18:25', 1, NULL),
(128, 4, 20000, NULL, 'estepa Bleh', NULL, NULL, NULL, NULL, NULL, '123456789', NULL, NULL, NULL, 'mahsah@gmail.com', '2017-06-23 01:18:25', 1, NULL),
(129, 4, 20000, NULL, 'estepa Bleh', NULL, NULL, NULL, NULL, NULL, '123456789', NULL, NULL, NULL, 'mahsah@gmail.com', '2017-06-23 01:18:26', 1, NULL),
(130, 4, 20000, NULL, 'estepa Bleh', NULL, NULL, NULL, NULL, NULL, '123456789', NULL, NULL, NULL, 'mahsah@gmail.com', '2017-06-23 01:18:26', 1, NULL),
(131, 4, 20000, NULL, 'estepa Bleh', NULL, NULL, NULL, NULL, NULL, '123456789', NULL, NULL, NULL, 'mahsah@gmail.com', '2017-06-23 01:18:26', 1, NULL),
(132, 4, 20000, NULL, 'estepa Bleh', NULL, NULL, NULL, NULL, NULL, '123456789', NULL, NULL, NULL, 'mahsah@gmail.com', '2017-06-23 01:18:26', 1, NULL),
(133, 4, 20000, NULL, 'estepa Bleh', NULL, NULL, NULL, NULL, NULL, '123456789', NULL, NULL, NULL, 'mahsah@gmail.com', '2017-06-23 01:18:26', 1, NULL),
(134, 4, 20000, NULL, 'estepa Bleh', NULL, NULL, NULL, NULL, NULL, '123456789', NULL, NULL, NULL, 'mahsah@gmail.com', '2017-06-23 01:18:26', 1, NULL),
(135, 4, 20000, NULL, 'estepa Bleh', NULL, NULL, NULL, NULL, NULL, '123456789', NULL, NULL, NULL, 'mahsah@gmail.com', '2017-06-23 01:18:26', 1, NULL),
(136, 4, 20000, NULL, 'estepa Bleh', NULL, NULL, NULL, NULL, NULL, '123456789', NULL, NULL, NULL, 'mahsah@gmail.com', '2017-06-23 01:18:26', 1, NULL),
(137, 4, 20000, NULL, 'estepa Bleh', NULL, NULL, NULL, NULL, NULL, '123456789', NULL, NULL, NULL, 'mahsah@gmail.com', '2017-06-23 01:18:26', 1, NULL),
(138, 4, 20000, NULL, 'estepa Bleh', NULL, NULL, NULL, NULL, NULL, '123456789', NULL, NULL, NULL, 'mahsah@gmail.com', '2017-06-23 01:18:26', 1, NULL),
(139, 4, 20000, NULL, 'estepa Bleh', NULL, NULL, NULL, NULL, NULL, '123456789', NULL, NULL, NULL, 'mahsah@gmail.com', '2017-06-23 01:18:26', 1, NULL),
(140, 4, 20000, NULL, 'estepa Bleh', NULL, NULL, NULL, NULL, NULL, '123456789', NULL, NULL, NULL, 'mahsah@gmail.com', '2017-06-23 01:18:26', 1, NULL),
(141, 4, 20000, NULL, 'estepa Bleh', NULL, NULL, NULL, NULL, NULL, '123456789', NULL, NULL, NULL, 'mahsah@gmail.com', '2017-06-23 01:18:26', 1, NULL),
(142, 4, 20000, NULL, 'estepa Bleh', NULL, NULL, NULL, NULL, NULL, '123456789', NULL, NULL, NULL, 'mahsah@gmail.com', '2017-06-23 01:18:26', 1, NULL),
(143, 4, 20000, NULL, 'estepa Bleh', NULL, NULL, NULL, NULL, NULL, '123456789', NULL, NULL, NULL, 'mahsah@gmail.com', '2017-06-23 01:18:26', 1, NULL),
(144, 4, 20000, NULL, 'estepa Bleh', NULL, NULL, NULL, NULL, NULL, '123456789', NULL, NULL, NULL, 'mahsah@gmail.com', '2017-06-23 01:18:26', 1, NULL),
(145, 4, 20000, NULL, 'estepa Bleh', NULL, NULL, NULL, NULL, NULL, '123456789', NULL, NULL, NULL, 'mahsah@gmail.com', '2017-06-23 01:18:26', 1, NULL),
(146, 4, 20000, NULL, 'estepa Bleh', NULL, NULL, NULL, NULL, NULL, '123456789', NULL, NULL, NULL, 'mahsah@gmail.com', '2017-06-23 01:18:26', 1, NULL),
(147, 4, 20000, NULL, 'estepa Bleh', NULL, NULL, NULL, NULL, NULL, '123456789', NULL, NULL, NULL, 'mahsah@gmail.com', '2017-06-23 01:18:26', 1, NULL),
(148, 4, 20000, NULL, 'estepa Bleh', NULL, NULL, NULL, NULL, NULL, '123456789', NULL, NULL, NULL, 'mahsah@gmail.com', '2017-06-23 01:18:26', 1, NULL),
(149, 4, 20000, NULL, 'estepa Bleh', NULL, NULL, NULL, NULL, NULL, '123456789', NULL, NULL, NULL, 'mahsah@gmail.com', '2017-06-23 01:18:26', 1, NULL),
(150, 4, 20000, NULL, 'estepa Bleh', NULL, NULL, NULL, NULL, NULL, '123456789', NULL, NULL, NULL, 'mahsah@gmail.com', '2017-06-23 01:18:26', 1, NULL),
(151, 4, 20000, NULL, 'estepa Bleh', NULL, NULL, NULL, NULL, NULL, '123456789', NULL, NULL, NULL, 'mahsah@gmail.com', '2017-06-23 01:18:26', 1, NULL),
(152, 4, 20000, NULL, 'estepa Bleh', NULL, NULL, NULL, NULL, NULL, '123456789', NULL, NULL, NULL, 'mahsah@gmail.com', '2017-06-23 01:18:26', 1, NULL),
(153, 4, 20000, NULL, 'estepa Bleh', NULL, NULL, NULL, NULL, NULL, '123456789', NULL, NULL, NULL, 'mahsah@gmail.com', '2017-06-23 01:18:26', 1, NULL),
(154, 4, 20000, NULL, 'estepa Bleh', NULL, NULL, NULL, NULL, NULL, '123456789', NULL, NULL, NULL, 'mahsah@gmail.com', '2017-06-23 01:18:26', 1, NULL),
(155, 4, 20000, NULL, 'estepa Bleh', NULL, NULL, NULL, NULL, NULL, '123456789', NULL, NULL, NULL, 'mahsah@gmail.com', '2017-06-23 01:18:26', 1, NULL),
(156, 4, 20000, NULL, 'estepa Bleh', NULL, NULL, NULL, NULL, NULL, '123456789', NULL, NULL, NULL, 'mahsah@gmail.com', '2017-06-23 01:18:26', 1, NULL),
(157, 4, 20000, NULL, 'estepa Bleh', NULL, NULL, NULL, NULL, NULL, '123456789', NULL, NULL, NULL, 'mahsah@gmail.com', '2017-06-23 01:18:26', 1, NULL),
(158, 4, 20000, NULL, 'estepa Bleh', NULL, NULL, NULL, NULL, NULL, '123456789', NULL, NULL, NULL, 'mahsah@gmail.com', '2017-06-23 01:18:26', 1, NULL),
(159, 4, 20000, NULL, 'estepa Bleh', NULL, NULL, NULL, NULL, NULL, '123456789', NULL, NULL, NULL, 'mahsah@gmail.com', '2017-06-23 01:18:26', 1, NULL),
(160, 4, 20000, NULL, 'estepa Bleh', NULL, NULL, NULL, NULL, NULL, '123456789', NULL, NULL, NULL, 'mahsah@gmail.com', '2017-06-23 01:18:26', 1, NULL),
(161, 4, 20000, NULL, 'estepa Bleh', NULL, NULL, NULL, NULL, NULL, '123456789', NULL, NULL, NULL, 'mahsah@gmail.com', '2017-06-23 01:18:26', 1, NULL),
(162, 4, 20000, NULL, 'estepa Bleh', NULL, NULL, NULL, NULL, NULL, '123456789', NULL, NULL, NULL, 'mahsah@gmail.com', '2017-06-23 01:18:26', 1, NULL),
(163, 4, 20000, NULL, 'estepa Bleh', NULL, NULL, NULL, NULL, NULL, '123456789', NULL, NULL, NULL, 'mahsah@gmail.com', '2017-06-23 01:18:26', 1, NULL),
(164, 4, 20000, NULL, 'estepa Bleh', NULL, NULL, NULL, NULL, NULL, '123456789', NULL, NULL, NULL, 'mahsah@gmail.com', '2017-06-23 01:18:26', 1, NULL),
(165, 4, 20000, NULL, 'estepa Bleh', NULL, NULL, NULL, NULL, NULL, '123456789', NULL, NULL, NULL, 'mahsah@gmail.com', '2017-06-23 01:18:26', 1, NULL),
(166, 4, 20000, NULL, 'estepa Bleh', NULL, NULL, NULL, NULL, NULL, '123456789', NULL, NULL, NULL, 'mahsah@gmail.com', '2017-06-23 01:18:26', 1, NULL),
(167, 4, 20000, NULL, 'estepa Bleh', NULL, NULL, NULL, NULL, NULL, '123456789', NULL, NULL, NULL, 'mahsah@gmail.com', '2017-06-23 01:18:26', 1, NULL),
(168, 4, 20000, NULL, 'estepa Bleh', NULL, NULL, NULL, NULL, NULL, '123456789', NULL, NULL, NULL, 'mahsah@gmail.com', '2017-06-23 01:18:26', 1, NULL),
(169, 4, 20000, NULL, 'estepa Bleh', NULL, NULL, NULL, NULL, NULL, '123456789', NULL, NULL, NULL, 'mahsah@gmail.com', '2017-06-23 01:18:26', 1, NULL),
(170, 4, 20000, NULL, 'estepa Bleh', NULL, NULL, NULL, NULL, NULL, '123456789', NULL, NULL, NULL, 'mahsah@gmail.com', '2017-06-23 01:18:26', 1, NULL),
(171, 4, 20000, NULL, 'estepa Bleh', NULL, NULL, NULL, NULL, NULL, '123456789', NULL, NULL, NULL, 'mahsah@gmail.com', '2017-06-23 01:18:26', 1, NULL),
(172, 4, 20000, NULL, 'estepa Bleh', NULL, NULL, NULL, NULL, NULL, '123456789', NULL, NULL, NULL, 'mahsah@gmail.com', '2017-06-23 01:18:26', 1, NULL),
(173, 4, 20000, NULL, 'estepa Bleh', NULL, NULL, NULL, NULL, NULL, '123456789', NULL, NULL, NULL, 'mahsah@gmail.com', '2017-06-23 01:18:26', 1, NULL),
(174, 4, 20000, NULL, 'estepa Bleh', NULL, NULL, NULL, NULL, NULL, '123456789', NULL, NULL, NULL, 'mahsah@gmail.com', '2017-06-23 01:18:26', 1, NULL),
(175, 4, 20000, NULL, 'estepa Bleh', NULL, NULL, NULL, NULL, NULL, '123456789', NULL, NULL, NULL, 'mahsah@gmail.com', '2017-06-23 01:18:26', 1, NULL),
(176, 4, 20000, NULL, 'estepa Bleh', NULL, NULL, NULL, NULL, NULL, '123456789', NULL, NULL, NULL, 'mahsah@gmail.com', '2017-06-23 01:18:26', 1, NULL),
(177, 4, 20000, NULL, 'estepa Bleh', NULL, NULL, NULL, NULL, NULL, '123456789', NULL, NULL, NULL, 'mahsah@gmail.com', '2017-06-23 01:18:26', 1, NULL),
(178, 4, 20000, NULL, 'estepa Bleh', NULL, NULL, NULL, NULL, NULL, '123456789', NULL, NULL, NULL, 'mahsah@gmail.com', '2017-06-23 01:18:26', 1, NULL),
(179, 4, 20000, NULL, 'estepa Bleh', NULL, NULL, NULL, NULL, NULL, '123456789', NULL, NULL, NULL, 'mahsah@gmail.com', '2017-06-23 01:18:26', 1, NULL),
(180, 4, 20000, NULL, 'estepa Bleh', NULL, NULL, NULL, NULL, NULL, '123456789', NULL, NULL, NULL, 'mahsah@gmail.com', '2017-06-23 01:18:26', 1, NULL),
(181, 4, 20000, NULL, 'estepa Bleh', NULL, NULL, NULL, NULL, NULL, '123456789', NULL, NULL, NULL, 'mahsah@gmail.com', '2017-06-23 01:18:26', 1, NULL),
(182, 4, 20000, NULL, 'estepa Bleh', NULL, NULL, NULL, NULL, NULL, '123456789', NULL, NULL, NULL, 'mahsah@gmail.com', '2017-06-23 01:18:26', 1, NULL),
(183, 4, 20000, NULL, 'estepa Bleh', NULL, NULL, NULL, NULL, NULL, '123456789', NULL, NULL, NULL, 'mahsah@gmail.com', '2017-06-23 01:18:26', 1, NULL),
(184, 4, 20000, NULL, 'estepa Bleh', NULL, NULL, NULL, NULL, NULL, '123456789', NULL, NULL, NULL, 'mahsah@gmail.com', '2017-06-23 01:18:26', 1, NULL),
(185, 4, 20000, NULL, 'estepa Bleh', NULL, NULL, NULL, NULL, NULL, '123456789', NULL, NULL, NULL, 'mahsah@gmail.com', '2017-06-23 01:18:26', 1, NULL),
(186, 4, 20000, NULL, 'estepa Bleh', NULL, NULL, NULL, NULL, NULL, '123456789', NULL, NULL, NULL, 'mahsah@gmail.com', '2017-06-23 01:18:26', 1, NULL),
(187, 4, 20000, NULL, 'estepa Bleh', NULL, NULL, NULL, NULL, NULL, '123456789', NULL, NULL, NULL, 'mahsah@gmail.com', '2017-06-23 01:18:26', 1, NULL),
(188, 4, 20000, NULL, 'estepa Bleh', NULL, NULL, NULL, NULL, NULL, '123456789', NULL, NULL, NULL, 'mahsah@gmail.com', '2017-06-23 01:18:26', 1, NULL),
(189, 4, 20000, NULL, 'estepa Bleh', NULL, NULL, NULL, NULL, NULL, '123456789', NULL, NULL, NULL, 'mahsah@gmail.com', '2017-06-23 01:18:26', 1, NULL),
(190, 4, 20000, NULL, 'estepa Bleh', NULL, NULL, NULL, NULL, NULL, '123456789', NULL, NULL, NULL, 'mahsah@gmail.com', '2017-06-23 01:18:26', 1, NULL),
(191, 4, 20000, NULL, 'estepa Bleh', NULL, NULL, NULL, NULL, NULL, '123456789', NULL, NULL, NULL, 'mahsah@gmail.com', '2017-06-23 01:18:26', 1, NULL),
(192, 4, 20000, NULL, 'estepa Bleh', NULL, NULL, NULL, NULL, NULL, '123456789', NULL, NULL, NULL, 'mahsah@gmail.com', '2017-06-23 01:18:26', 1, NULL),
(193, 4, 20000, NULL, 'estepa Bleh', NULL, NULL, NULL, NULL, NULL, '123456789', NULL, NULL, NULL, 'mahsah@gmail.com', '2017-06-23 01:18:26', 1, NULL),
(194, 4, 20000, NULL, 'estepa Bleh', NULL, NULL, NULL, NULL, NULL, '123456789', NULL, NULL, NULL, 'mahsah@gmail.com', '2017-06-23 01:18:26', 1, NULL),
(195, 4, 20000, NULL, 'estepa Bleh', NULL, NULL, NULL, NULL, NULL, '123456789', NULL, NULL, NULL, 'mahsah@gmail.com', '2017-06-23 01:18:26', 1, NULL),
(196, 4, 20000, NULL, 'estepa Bleh', NULL, NULL, NULL, NULL, NULL, '123456789', NULL, NULL, NULL, 'mahsah@gmail.com', '2017-06-23 01:18:26', 1, NULL),
(197, 4, 20000, NULL, 'estepa Bleh', NULL, NULL, NULL, NULL, NULL, '123456789', NULL, NULL, NULL, 'mahsah@gmail.com', '2017-06-23 01:18:26', 1, NULL),
(198, 4, 20000, NULL, 'estepa Bleh', NULL, NULL, NULL, NULL, NULL, '123456789', NULL, NULL, NULL, 'mahsah@gmail.com', '2017-06-23 01:18:26', 1, NULL),
(199, 4, 20000, NULL, 'estepa Bleh', NULL, NULL, NULL, NULL, NULL, '123456789', NULL, NULL, NULL, 'mahsah@gmail.com', '2017-06-23 01:18:26', 1, NULL),
(200, 4, 20000, NULL, 'estepa Bleh', NULL, NULL, NULL, NULL, NULL, '123456789', NULL, NULL, NULL, 'mahsah@gmail.com', '2017-06-23 01:18:26', 1, NULL),
(201, 4, 20000, NULL, 'estepa Bleh', NULL, NULL, NULL, NULL, NULL, '123456789', NULL, NULL, NULL, 'mahsah@gmail.com', '2017-06-23 01:18:26', 1, NULL),
(202, 4, 20000, NULL, 'estepa Bleh', NULL, NULL, NULL, NULL, NULL, '123456789', NULL, NULL, NULL, 'mahsah@gmail.com', '2017-06-23 01:18:26', 1, NULL),
(203, 4, 20000, NULL, 'estepa Bleh', NULL, NULL, NULL, NULL, NULL, '123456789', NULL, NULL, NULL, 'mahsah@gmail.com', '2017-06-23 01:18:26', 1, NULL),
(204, 4, 20000, NULL, 'estepa Bleh', NULL, NULL, NULL, NULL, NULL, '123456789', NULL, NULL, NULL, 'mahsah@gmail.com', '2017-06-23 01:18:26', 1, NULL),
(205, 4, 20000, NULL, 'estepa Bleh', NULL, NULL, NULL, NULL, NULL, '123456789', NULL, NULL, NULL, 'mahsah@gmail.com', '2017-06-23 01:18:26', 1, NULL),
(206, 4, 20000, NULL, 'estepa Bleh', NULL, NULL, NULL, NULL, NULL, '123456789', NULL, NULL, NULL, 'mahsah@gmail.com', '2017-06-23 01:18:26', 1, NULL),
(207, 4, 20000, NULL, 'estepa Bleh', NULL, NULL, NULL, NULL, NULL, '123456789', NULL, NULL, NULL, 'mahsah@gmail.com', '2017-06-23 01:18:26', 1, NULL),
(208, 4, 20000, NULL, 'estepa Bleh', NULL, NULL, NULL, NULL, NULL, '123456789', NULL, NULL, NULL, 'mahsah@gmail.com', '2017-06-23 01:18:26', 1, NULL),
(209, 4, 20000, NULL, 'estepa Bleh', NULL, NULL, NULL, NULL, NULL, '123456789', NULL, NULL, NULL, 'mahsah@gmail.com', '2017-06-23 01:18:26', 1, NULL),
(210, 4, 20000, NULL, 'estepa Bleh', NULL, NULL, NULL, NULL, NULL, '123456789', NULL, NULL, NULL, 'mahsah@gmail.com', '2017-06-23 01:18:26', 1, NULL),
(211, 4, 20000, NULL, 'estepa Bleh', NULL, NULL, NULL, NULL, NULL, '123456789', NULL, NULL, NULL, 'mahsah@gmail.com', '2017-06-23 01:18:26', 1, NULL),
(212, 4, 20000, NULL, 'estepa Bleh', NULL, NULL, NULL, NULL, NULL, '123456789', NULL, NULL, NULL, 'mahsah@gmail.com', '2017-06-23 01:18:26', 1, NULL),
(213, 4, 20000, NULL, 'estepa Bleh', NULL, NULL, NULL, NULL, NULL, '123456789', NULL, NULL, NULL, 'mahsah@gmail.com', '2017-06-23 01:18:26', 1, NULL),
(214, 4, 20000, NULL, 'estepa Bleh', NULL, NULL, NULL, NULL, NULL, '123456789', NULL, NULL, NULL, 'mahsah@gmail.com', '2017-06-23 01:18:26', 1, NULL),
(215, 4, 20000, NULL, 'estepa Bleh', NULL, NULL, NULL, NULL, NULL, '123456789', NULL, NULL, NULL, 'mahsah@gmail.com', '2017-06-23 01:18:26', 1, NULL),
(216, 4, 20000, NULL, 'estepa Bleh', NULL, NULL, NULL, NULL, NULL, '123456789', NULL, NULL, NULL, 'mahsah@gmail.com', '2017-06-23 01:18:26', 1, NULL),
(217, 4, 20000, NULL, 'estepa Bleh', NULL, NULL, NULL, NULL, NULL, '123456789', NULL, NULL, NULL, 'mahsah@gmail.com', '2017-06-23 01:18:26', 1, NULL),
(218, 4, 20000, NULL, 'estepa Bleh', NULL, NULL, NULL, NULL, NULL, '123456789', NULL, NULL, NULL, 'mahsah@gmail.com', '2017-06-23 01:18:26', 1, NULL),
(219, 4, 20000, NULL, 'estepa Bleh', NULL, NULL, NULL, NULL, NULL, '123456789', NULL, NULL, NULL, 'mahsah@gmail.com', '2017-06-23 01:18:26', 1, NULL),
(220, 4, 20000, NULL, 'estepa Bleh', NULL, NULL, NULL, NULL, NULL, '123456789', NULL, NULL, NULL, 'mahsah@gmail.com', '2017-06-23 01:18:26', 1, NULL),
(221, 4, 20000, NULL, 'estepa Bleh', NULL, NULL, NULL, NULL, NULL, '123456789', NULL, NULL, NULL, 'mahsah@gmail.com', '2017-06-23 01:18:26', 1, NULL),
(222, 4, 20000, NULL, 'estepa Bleh', NULL, NULL, NULL, NULL, NULL, '123456789', NULL, NULL, NULL, 'mahsah@gmail.com', '2017-06-23 01:18:26', 1, NULL),
(223, 4, 20000, NULL, 'estepa Bleh', NULL, NULL, NULL, NULL, NULL, '123456789', NULL, NULL, NULL, 'mahsah@gmail.com', '2017-06-23 01:18:26', 1, NULL),
(224, 4, 20000, NULL, 'estepa Bleh', NULL, NULL, NULL, NULL, NULL, '123456789', NULL, NULL, NULL, 'mahsah@gmail.com', '2017-06-23 01:18:26', 1, NULL),
(225, 4, 20000, NULL, 'estepa Bleh', NULL, NULL, NULL, NULL, NULL, '123456789', NULL, NULL, NULL, 'mahsah@gmail.com', '2017-06-23 01:18:26', 1, NULL),
(226, 4, 20000, NULL, 'estepa Bleh', NULL, NULL, NULL, NULL, NULL, '123456789', NULL, NULL, NULL, 'mahsah@gmail.com', '2017-06-23 01:18:26', 1, NULL),
(227, 4, 20000, NULL, 'estepa Bleh', NULL, NULL, NULL, NULL, NULL, '123456789', NULL, NULL, NULL, 'mahsah@gmail.com', '2017-06-23 01:18:26', 1, NULL),
(228, 4, 20000, NULL, 'estepa Bleh', NULL, NULL, NULL, NULL, NULL, '123456789', NULL, NULL, NULL, 'mahsah@gmail.com', '2017-06-23 01:18:26', 1, NULL),
(229, 4, 20000, NULL, 'estepa Bleh', NULL, NULL, NULL, NULL, NULL, '123456789', NULL, NULL, NULL, 'mahsah@gmail.com', '2017-06-23 01:18:26', 1, NULL),
(230, 4, 20000, NULL, 'estepa Bleh', NULL, NULL, NULL, NULL, NULL, '123456789', NULL, NULL, NULL, 'mahsah@gmail.com', '2017-06-23 01:18:26', 1, NULL),
(231, 4, 20000, NULL, 'estepa Bleh', NULL, NULL, NULL, NULL, NULL, '123456789', NULL, NULL, NULL, 'mahsah@gmail.com', '2017-06-23 01:18:26', 1, NULL),
(232, 4, 20000, NULL, 'estepa Bleh', NULL, NULL, NULL, NULL, NULL, '123456789', NULL, NULL, NULL, 'mahsah@gmail.com', '2017-06-23 01:18:26', 1, NULL),
(233, 4, 20000, NULL, 'estepa Bleh', NULL, NULL, NULL, NULL, NULL, '123456789', NULL, NULL, NULL, 'mahsah@gmail.com', '2017-06-23 01:18:26', 1, NULL),
(234, 4, 20000, NULL, 'estepa Bleh', NULL, NULL, NULL, NULL, NULL, '123456789', NULL, NULL, NULL, 'mahsah@gmail.com', '2017-06-23 01:18:26', 1, NULL),
(235, 4, 20000, NULL, 'estepa Bleh', NULL, NULL, NULL, NULL, NULL, '123456789', NULL, NULL, NULL, 'mahsah@gmail.com', '2017-06-23 01:18:26', 1, NULL),
(236, 4, 20000, NULL, 'estepa Bleh', NULL, NULL, NULL, NULL, NULL, '123456789', NULL, NULL, NULL, 'mahsah@gmail.com', '2017-06-23 01:18:26', 1, NULL),
(237, 4, 20000, NULL, 'estepa Bleh', NULL, NULL, NULL, NULL, NULL, '123456789', NULL, NULL, NULL, 'mahsah@gmail.com', '2017-06-23 01:18:26', 1, NULL),
(238, 4, 20000, NULL, 'estepa Bleh', NULL, NULL, NULL, NULL, NULL, '123456789', NULL, NULL, NULL, 'mahsah@gmail.com', '2017-06-23 01:18:26', 1, NULL),
(239, 4, 20000, NULL, 'estepa Bleh', NULL, NULL, NULL, NULL, NULL, '123456789', NULL, NULL, NULL, 'mahsah@gmail.com', '2017-06-23 01:18:26', 1, NULL),
(240, 4, 20000, NULL, 'estepa Bleh', NULL, NULL, NULL, NULL, NULL, '123456789', NULL, NULL, NULL, 'mahsah@gmail.com', '2017-06-23 01:18:26', 1, NULL),
(241, 4, 20000, NULL, 'estepa Bleh', NULL, NULL, NULL, NULL, NULL, '123456789', NULL, NULL, NULL, 'mahsah@gmail.com', '2017-06-23 01:18:26', 1, NULL),
(242, 4, 20000, NULL, 'estepa Bleh', NULL, NULL, NULL, NULL, NULL, '123456789', NULL, NULL, NULL, 'mahsah@gmail.com', '2017-06-23 01:18:26', 1, NULL),
(243, 4, 20000, NULL, 'estepa Bleh', NULL, NULL, NULL, NULL, NULL, '123456789', NULL, NULL, NULL, 'mahsah@gmail.com', '2017-06-23 01:18:26', 1, NULL),
(244, 4, 20000, NULL, 'estepa Bleh', NULL, NULL, NULL, NULL, NULL, '123456789', NULL, NULL, NULL, 'mahsah@gmail.com', '2017-06-23 01:18:26', 1, NULL),
(245, 4, 20000, NULL, 'estepa Bleh', NULL, NULL, NULL, NULL, NULL, '123456789', NULL, NULL, NULL, 'mahsah@gmail.com', '2017-06-23 01:18:26', 1, NULL),
(246, 4, 20000, NULL, 'estepa Bleh', NULL, NULL, NULL, NULL, NULL, '123456789', NULL, NULL, NULL, 'mahsah@gmail.com', '2017-06-23 01:18:26', 1, NULL),
(247, 4, 20000, NULL, 'estepa Bleh', NULL, NULL, NULL, NULL, NULL, '123456789', NULL, NULL, NULL, 'mahsah@gmail.com', '2017-06-23 01:18:26', 1, NULL),
(248, 4, 20000, NULL, 'estepa Bleh', NULL, NULL, NULL, NULL, NULL, '123456789', NULL, NULL, NULL, 'mahsah@gmail.com', '2017-06-23 01:18:26', 1, NULL),
(249, 4, 20000, NULL, 'estepa Bleh', NULL, NULL, NULL, NULL, NULL, '123456789', NULL, NULL, NULL, 'mahsah@gmail.com', '2017-06-23 01:18:26', 1, NULL),
(250, 4, 20000, NULL, 'estepa Bleh', NULL, NULL, NULL, NULL, NULL, '123456789', NULL, NULL, NULL, 'mahsah@gmail.com', '2017-06-23 01:18:26', 1, NULL),
(251, 4, 20000, NULL, 'estepa Bleh', NULL, NULL, NULL, NULL, NULL, '123456789', NULL, NULL, NULL, 'mahsah@gmail.com', '2017-06-23 01:18:26', 1, NULL),
(252, 4, 20000, NULL, 'estepa Bleh', NULL, NULL, NULL, NULL, NULL, '123456789', NULL, NULL, NULL, 'mahsah@gmail.com', '2017-06-23 01:18:26', 1, NULL),
(253, 4, 20000, NULL, 'estepa Bleh', NULL, NULL, NULL, NULL, NULL, '123456789', NULL, NULL, NULL, 'mahsah@gmail.com', '2017-06-23 01:18:26', 1, NULL),
(254, 4, 20000, NULL, 'estepa Bleh', NULL, NULL, NULL, NULL, NULL, '123456789', NULL, NULL, NULL, 'mahsah@gmail.com', '2017-06-23 01:18:26', 1, NULL),
(255, 4, 20000, NULL, 'estepa Bleh', NULL, NULL, NULL, NULL, NULL, '123456789', NULL, NULL, NULL, 'mahsah@gmail.com', '2017-06-23 01:18:26', 1, NULL),
(256, 4, 20000, NULL, 'estepa Bleh', NULL, NULL, NULL, NULL, NULL, '123456789', NULL, NULL, NULL, 'mahsah@gmail.com', '2017-06-23 01:18:26', 1, NULL),
(257, 4, 20000, NULL, 'estepa Bleh', NULL, NULL, NULL, NULL, NULL, '123456789', NULL, NULL, NULL, 'mahsah@gmail.com', '2017-06-23 01:18:27', 1, NULL),
(258, 4, 20000, NULL, 'estepa Bleh', NULL, NULL, NULL, NULL, NULL, '123456789', NULL, NULL, NULL, 'mahsah@gmail.com', '2017-06-23 01:18:27', 1, NULL),
(259, 4, 20000, NULL, 'estepa Bleh', NULL, NULL, NULL, NULL, NULL, '123456789', NULL, NULL, NULL, 'mahsah@gmail.com', '2017-06-23 01:18:27', 1, NULL),
(260, 4, 20000, NULL, 'estepa Bleh', NULL, NULL, NULL, NULL, NULL, '123456789', NULL, NULL, NULL, 'mahsah@gmail.com', '2017-06-23 01:18:27', 1, NULL),
(261, 4, 20000, NULL, 'estepa Bleh', NULL, NULL, NULL, NULL, NULL, '123456789', NULL, NULL, NULL, 'mahsah@gmail.com', '2017-06-23 01:18:27', 1, NULL),
(262, 4, 20000, NULL, 'estepa Bleh', NULL, NULL, NULL, NULL, NULL, '123456789', NULL, NULL, NULL, 'mahsah@gmail.com', '2017-06-23 01:18:27', 1, NULL),
(263, 4, 20000, NULL, 'estepa Bleh', NULL, NULL, NULL, NULL, NULL, '123456789', NULL, NULL, NULL, 'mahsah@gmail.com', '2017-06-23 01:18:27', 1, NULL),
(264, 4, 20000, NULL, 'estepa Bleh', NULL, NULL, NULL, NULL, NULL, '123456789', NULL, NULL, NULL, 'mahsah@gmail.com', '2017-06-23 01:18:27', 1, NULL),
(265, 4, 20000, NULL, 'estepa Bleh', NULL, NULL, NULL, NULL, NULL, '123456789', NULL, NULL, NULL, 'mahsah@gmail.com', '2017-06-23 01:18:27', 1, NULL),
(266, 4, 20000, NULL, 'estepa Bleh', NULL, NULL, NULL, NULL, NULL, '123456789', NULL, NULL, NULL, 'mahsah@gmail.com', '2017-06-23 01:18:27', 1, NULL),
(267, 4, 20000, NULL, 'estepa Bleh', NULL, NULL, NULL, NULL, NULL, '123456789', NULL, NULL, NULL, 'mahsah@gmail.com', '2017-06-23 01:18:27', 1, NULL),
(268, 4, 20000, NULL, 'estepa Bleh', NULL, NULL, NULL, NULL, NULL, '123456789', NULL, NULL, NULL, 'mahsah@gmail.com', '2017-06-23 01:18:27', 1, NULL),
(269, 4, 20000, NULL, 'estepa Bleh', NULL, NULL, NULL, NULL, NULL, '123456789', NULL, NULL, NULL, 'mahsah@gmail.com', '2017-06-23 01:18:27', 1, NULL),
(270, 4, 20000, NULL, 'estepa Bleh', NULL, NULL, NULL, NULL, NULL, '123456789', NULL, NULL, NULL, 'mahsah@gmail.com', '2017-06-23 01:18:27', 1, NULL),
(271, 4, 20000, NULL, 'estepa Bleh', NULL, NULL, NULL, NULL, NULL, '123456789', NULL, NULL, NULL, 'mahsah@gmail.com', '2017-06-23 01:18:27', 1, NULL),
(272, 4, 20000, NULL, 'estepa Bleh', NULL, NULL, NULL, NULL, NULL, '123456789', NULL, NULL, NULL, 'mahsah@gmail.com', '2017-06-23 01:18:27', 1, NULL),
(273, 4, 20000, NULL, 'estepa Bleh', NULL, NULL, NULL, NULL, NULL, '123456789', NULL, NULL, NULL, 'mahsah@gmail.com', '2017-06-23 01:18:27', 1, NULL),
(274, 4, 20000, NULL, 'estepa Bleh', NULL, NULL, NULL, NULL, NULL, '123456789', NULL, NULL, NULL, 'mahsah@gmail.com', '2017-06-23 01:18:27', 1, NULL),
(275, 4, 20000, NULL, 'estepa Bleh', NULL, NULL, NULL, NULL, NULL, '123456789', NULL, NULL, NULL, 'mahsah@gmail.com', '2017-06-23 01:18:27', 1, NULL),
(276, 4, 20000, NULL, 'estepa Bleh', NULL, NULL, NULL, NULL, NULL, '123456789', NULL, NULL, NULL, 'mahsah@gmail.com', '2017-06-23 01:18:27', 1, NULL),
(277, 4, 20000, NULL, 'estepa Bleh', NULL, NULL, NULL, NULL, NULL, '123456789', NULL, NULL, NULL, 'mahsah@gmail.com', '2017-06-23 01:18:27', 1, NULL),
(278, 4, 20000, NULL, 'estepa Bleh', NULL, NULL, NULL, NULL, NULL, '123456789', NULL, NULL, NULL, 'mahsah@gmail.com', '2017-06-23 01:18:27', 1, NULL),
(279, 4, 20000, NULL, 'estepa Bleh', NULL, NULL, NULL, NULL, NULL, '123456789', NULL, NULL, NULL, 'mahsah@gmail.com', '2017-06-23 01:18:27', 1, NULL),
(280, 4, 20000, NULL, 'estepa Bleh', NULL, NULL, NULL, NULL, NULL, '123456789', NULL, NULL, NULL, 'mahsah@gmail.com', '2017-06-23 01:18:27', 1, NULL),
(281, 4, 20000, NULL, 'estepa Bleh', NULL, NULL, NULL, NULL, NULL, '123456789', NULL, NULL, NULL, 'mahsah@gmail.com', '2017-06-23 01:18:27', 1, NULL),
(282, 4, 20000, NULL, 'estepa Bleh', NULL, NULL, NULL, NULL, NULL, '123456789', NULL, NULL, NULL, 'mahsah@gmail.com', '2017-06-23 01:18:27', 1, NULL),
(283, 4, 20000, NULL, 'estepa Bleh', NULL, NULL, NULL, NULL, NULL, '123456789', NULL, NULL, NULL, 'mahsah@gmail.com', '2017-06-23 01:18:27', 1, NULL),
(284, 4, 20000, NULL, 'estepa Bleh', NULL, NULL, NULL, NULL, NULL, '123456789', NULL, NULL, NULL, 'mahsah@gmail.com', '2017-06-23 01:18:27', 1, NULL),
(285, 4, 20000, NULL, 'estepa Bleh', NULL, NULL, NULL, NULL, NULL, '123456789', NULL, NULL, NULL, 'mahsah@gmail.com', '2017-06-23 01:18:27', 1, NULL),
(286, 4, 20000, NULL, 'estepa Bleh', NULL, NULL, NULL, NULL, NULL, '123456789', NULL, NULL, NULL, 'mahsah@gmail.com', '2017-06-23 01:18:27', 1, NULL),
(287, 4, 20000, NULL, 'estepa Bleh', NULL, NULL, NULL, NULL, NULL, '123456789', NULL, NULL, NULL, 'mahsah@gmail.com', '2017-06-23 01:18:27', 1, NULL),
(288, 4, 20000, NULL, 'estepa Bleh', NULL, NULL, NULL, NULL, NULL, '123456789', NULL, NULL, NULL, 'mahsah@gmail.com', '2017-06-23 01:18:27', 1, NULL),
(289, 4, 20000, NULL, 'estepa Bleh', NULL, NULL, NULL, NULL, NULL, '123456789', NULL, NULL, NULL, 'mahsah@gmail.com', '2017-06-23 01:18:27', 1, NULL),
(290, 4, 20000, NULL, 'estepa Bleh', NULL, NULL, NULL, NULL, NULL, '123456789', NULL, NULL, NULL, 'mahsah@gmail.com', '2017-06-23 01:18:27', 1, NULL),
(291, 4, 20000, NULL, 'estepa Bleh', NULL, NULL, NULL, NULL, NULL, '123456789', NULL, NULL, NULL, 'mahsah@gmail.com', '2017-06-23 01:18:27', 1, NULL),
(292, 4, 20000, NULL, 'estepa Bleh', NULL, NULL, NULL, NULL, NULL, '123456789', NULL, NULL, NULL, 'mahsah@gmail.com', '2017-06-23 01:18:27', 1, NULL),
(293, 4, 20000, NULL, 'estepa Bleh', NULL, NULL, NULL, NULL, NULL, '123456789', NULL, NULL, NULL, 'mahsah@gmail.com', '2017-06-23 01:18:27', 1, NULL),
(294, 4, 20000, NULL, 'estepa Bleh', NULL, NULL, NULL, NULL, NULL, '123456789', NULL, NULL, NULL, 'mahsah@gmail.com', '2017-06-23 01:18:27', 1, NULL),
(295, 4, 20000, NULL, 'estepa Bleh', NULL, NULL, NULL, NULL, NULL, '123456789', NULL, NULL, NULL, 'mahsah@gmail.com', '2017-06-23 01:18:27', 1, NULL),
(296, 4, 20000, NULL, 'estepa Bleh', NULL, NULL, NULL, NULL, NULL, '123456789', NULL, NULL, NULL, 'mahsah@gmail.com', '2017-06-23 01:18:27', 1, NULL),
(297, 4, 20000, NULL, 'estepa Bleh', NULL, NULL, NULL, NULL, NULL, '123456789', NULL, NULL, NULL, 'mahsah@gmail.com', '2017-06-23 01:18:27', 1, NULL),
(298, 4, 20000, NULL, 'estepa Bleh', NULL, NULL, NULL, NULL, NULL, '123456789', NULL, NULL, NULL, 'mahsah@gmail.com', '2017-06-23 01:18:27', 1, NULL),
(299, 4, 20000, NULL, 'estepa Bleh', NULL, NULL, NULL, NULL, NULL, '123456789', NULL, NULL, NULL, 'mahsah@gmail.com', '2017-06-23 01:18:27', 1, NULL),
(300, 4, 20000, NULL, 'estepa Bleh', NULL, NULL, NULL, NULL, NULL, '123456789', NULL, NULL, NULL, 'mahsah@gmail.com', '2017-06-23 01:18:27', 1, NULL),
(301, 4, 20000, NULL, 'estepa Bleh', NULL, NULL, NULL, NULL, NULL, '123456789', NULL, NULL, NULL, 'mahsah@gmail.com', '2017-06-23 01:18:27', 1, NULL),
(302, 4, 20000, NULL, 'estepa Bleh', NULL, NULL, NULL, NULL, NULL, '123456789', NULL, NULL, NULL, 'mahsah@gmail.com', '2017-06-23 01:18:27', 1, NULL),
(303, 4, 20000, NULL, 'estepa Bleh', NULL, NULL, NULL, NULL, NULL, '123456789', NULL, NULL, NULL, 'mahsah@gmail.com', '2017-06-23 01:18:27', 1, NULL),
(304, 4, 20000, NULL, 'estepa Bleh', NULL, NULL, NULL, NULL, NULL, '123456789', NULL, NULL, NULL, 'mahsah@gmail.com', '2017-06-23 01:18:27', 1, NULL),
(305, 4, 20000, NULL, 'estepa Bleh', NULL, NULL, NULL, NULL, NULL, '123456789', NULL, NULL, NULL, 'mahsah@gmail.com', '2017-06-23 01:18:27', 1, NULL),
(306, 4, 20000, NULL, 'estepa Bleh', NULL, NULL, NULL, NULL, NULL, '123456789', NULL, NULL, NULL, 'mahsah@gmail.com', '2017-06-23 01:18:27', 1, NULL),
(307, 4, 20000, NULL, 'estepa Bleh', NULL, NULL, NULL, NULL, NULL, '123456789', NULL, NULL, NULL, 'mahsah@gmail.com', '2017-06-23 01:18:27', 1, NULL),
(308, 4, 20000, NULL, 'estepa Bleh', NULL, NULL, NULL, NULL, NULL, '123456789', NULL, NULL, NULL, 'mahsah@gmail.com', '2017-06-23 01:18:27', 1, NULL),
(309, 4, 20000, NULL, 'estepa Bleh', NULL, NULL, NULL, NULL, NULL, '123456789', NULL, NULL, NULL, 'mahsah@gmail.com', '2017-06-23 01:18:27', 1, NULL),
(310, 4, 20000, NULL, 'estepa Bleh', NULL, NULL, NULL, NULL, NULL, '123456789', NULL, NULL, NULL, 'mahsah@gmail.com', '2017-06-23 01:18:27', 1, NULL),
(311, 4, 20000, NULL, 'estepa Bleh', NULL, NULL, NULL, NULL, NULL, '123456789', NULL, NULL, NULL, 'mahsah@gmail.com', '2017-06-23 01:18:27', 1, NULL),
(312, 4, 20000, NULL, 'estepa Bleh', NULL, NULL, NULL, NULL, NULL, '123456789', NULL, NULL, NULL, 'mahsah@gmail.com', '2017-06-23 01:18:27', 1, NULL),
(313, 4, 20000, NULL, 'estepa Bleh', NULL, NULL, NULL, NULL, NULL, '123456789', NULL, NULL, NULL, 'mahsah@gmail.com', '2017-06-23 01:18:27', 1, NULL),
(314, 4, 20000, NULL, 'estepa Bleh', NULL, NULL, NULL, NULL, NULL, '123456789', NULL, NULL, NULL, 'mahsah@gmail.com', '2017-06-23 01:18:27', 1, NULL),
(315, 4, 20000, NULL, 'estepa Bleh', NULL, NULL, NULL, NULL, NULL, '123456789', NULL, NULL, NULL, 'mahsah@gmail.com', '2017-06-23 01:18:27', 1, NULL),
(316, 4, 20000, NULL, 'estepa Bleh', NULL, NULL, NULL, NULL, NULL, '123456789', NULL, NULL, NULL, 'mahsah@gmail.com', '2017-06-23 01:18:27', 1, NULL),
(317, 4, 20000, NULL, 'estepa Bleh', NULL, NULL, NULL, NULL, NULL, '123456789', NULL, NULL, NULL, 'mahsah@gmail.com', '2017-06-23 01:18:27', 1, NULL),
(318, 4, 20000, NULL, 'estepa Bleh', NULL, NULL, NULL, NULL, NULL, '123456789', NULL, NULL, NULL, 'mahsah@gmail.com', '2017-06-23 01:18:27', 1, NULL),
(319, 4, 20000, NULL, 'estepa Bleh', NULL, NULL, NULL, NULL, NULL, '123456789', NULL, NULL, NULL, 'mahsah@gmail.com', '2017-06-23 01:18:27', 1, NULL),
(320, 4, 20000, NULL, 'estepa Bleh', NULL, NULL, NULL, NULL, NULL, '123456789', NULL, NULL, NULL, 'mahsah@gmail.com', '2017-06-23 01:18:27', 1, NULL),
(321, 4, 20000, NULL, 'estepa Bleh', NULL, NULL, NULL, NULL, NULL, '123456789', NULL, NULL, NULL, 'mahsah@gmail.com', '2017-06-23 01:18:27', 1, NULL),
(322, 4, 20000, NULL, 'estepa Bleh', NULL, NULL, NULL, NULL, NULL, '123456789', NULL, NULL, NULL, 'mahsah@gmail.com', '2017-06-23 01:18:27', 1, NULL),
(323, 4, 20000, NULL, 'estepa Bleh', NULL, NULL, NULL, NULL, NULL, '123456789', NULL, NULL, NULL, 'mahsah@gmail.com', '2017-06-23 01:18:27', 1, NULL),
(324, 4, 20000, NULL, 'estepa Bleh', NULL, NULL, NULL, NULL, NULL, '123456789', NULL, NULL, NULL, 'mahsah@gmail.com', '2017-06-23 01:18:27', 1, NULL),
(325, 4, 20000, NULL, 'estepa Bleh', NULL, NULL, NULL, NULL, NULL, '123456789', NULL, NULL, NULL, 'mahsah@gmail.com', '2017-06-23 01:18:27', 1, NULL),
(326, 4, 20000, NULL, 'estepa Bleh', NULL, NULL, NULL, NULL, NULL, '123456789', NULL, NULL, NULL, 'mahsah@gmail.com', '2017-06-23 01:18:27', 1, NULL),
(327, 4, 20000, NULL, 'estepa Bleh', NULL, NULL, NULL, NULL, NULL, '123456789', NULL, NULL, NULL, 'mahsah@gmail.com', '2017-06-23 01:18:27', 1, NULL),
(328, 4, 20000, NULL, 'estepa Bleh', NULL, NULL, NULL, NULL, NULL, '123456789', NULL, NULL, NULL, 'mahsah@gmail.com', '2017-06-23 01:18:27', 1, NULL),
(329, 4, 20000, NULL, 'estepa Bleh', NULL, NULL, NULL, NULL, NULL, '123456789', NULL, NULL, NULL, 'mahsah@gmail.com', '2017-06-23 01:18:27', 1, NULL),
(330, 4, 20000, NULL, 'estepa Bleh', NULL, NULL, NULL, NULL, NULL, '123456789', NULL, NULL, NULL, 'mahsah@gmail.com', '2017-06-23 01:18:27', 1, NULL),
(331, 4, 20000, NULL, 'estepa Bleh', NULL, NULL, NULL, NULL, NULL, '123456789', NULL, NULL, NULL, 'mahsah@gmail.com', '2017-06-23 01:18:27', 1, NULL),
(332, 4, 20000, NULL, 'estepa Bleh', NULL, NULL, NULL, NULL, NULL, '123456789', NULL, NULL, NULL, 'mahsah@gmail.com', '2017-06-23 01:18:27', 1, NULL),
(333, 4, 20000, NULL, 'estepa Bleh', NULL, NULL, NULL, NULL, NULL, '123456789', NULL, NULL, NULL, 'mahsah@gmail.com', '2017-06-23 01:18:27', 1, NULL),
(334, 4, 20000, NULL, 'estepa Bleh', NULL, NULL, NULL, NULL, NULL, '123456789', NULL, NULL, NULL, 'mahsah@gmail.com', '2017-06-23 01:18:27', 1, NULL);
INSERT INTO `orders` (`OrderID`, `OrderUserID`, `OrderAmount`, `OrderShipName`, `OrderShipAddress`, `OrderShipAddress2`, `OrderCity`, `OrderState`, `OrderZip`, `OrderCountry`, `OrderPhone`, `OrderFax`, `OrderShipping`, `OrderTax`, `OrderEmail`, `OrderDate`, `OrderShipped`, `OrderTrackingNumber`) VALUES
(335, 4, 20000, NULL, 'estepa Bleh', NULL, NULL, NULL, NULL, NULL, '123456789', NULL, NULL, NULL, 'mahsah@gmail.com', '2017-06-23 01:18:27', 1, NULL),
(336, 4, 20000, NULL, 'estepa Bleh', NULL, NULL, NULL, NULL, NULL, '123456789', NULL, NULL, NULL, 'mahsah@gmail.com', '2017-06-23 01:18:27', 1, NULL),
(337, 4, 20000, NULL, 'estepa Bleh', NULL, NULL, NULL, NULL, NULL, '123456789', NULL, NULL, NULL, 'mahsah@gmail.com', '2017-06-23 01:18:27', 1, NULL),
(338, 4, 20000, NULL, 'estepa Bleh', NULL, NULL, NULL, NULL, NULL, '123456789', NULL, NULL, NULL, 'mahsah@gmail.com', '2017-06-23 01:18:27', 1, NULL),
(339, 4, 20000, NULL, 'estepa Bleh', NULL, NULL, NULL, NULL, NULL, '123456789', NULL, NULL, NULL, 'mahsah@gmail.com', '2017-06-23 01:18:27', 1, NULL),
(340, 4, 20000, NULL, 'estepa Bleh', NULL, NULL, NULL, NULL, NULL, '123456789', NULL, NULL, NULL, 'mahsah@gmail.com', '2017-06-23 01:18:27', 1, NULL),
(341, 4, 20000, NULL, 'estepa Bleh', NULL, NULL, NULL, NULL, NULL, '123456789', NULL, NULL, NULL, 'mahsah@gmail.com', '2017-06-23 01:18:27', 1, NULL),
(342, 4, 20000, NULL, 'estepa Bleh', NULL, NULL, NULL, NULL, NULL, '123456789', NULL, NULL, NULL, 'mahsah@gmail.com', '2017-06-23 01:18:27', 1, NULL),
(343, 4, 20000, NULL, 'estepa Bleh', NULL, NULL, NULL, NULL, NULL, '123456789', NULL, NULL, NULL, 'mahsah@gmail.com', '2017-06-23 01:18:27', 1, NULL),
(344, 4, 20000, NULL, 'estepa Bleh', NULL, NULL, NULL, NULL, NULL, '123456789', NULL, NULL, NULL, 'mahsah@gmail.com', '2017-06-23 01:18:27', 1, NULL),
(345, 4, 20000, NULL, 'estepa Bleh', NULL, NULL, NULL, NULL, NULL, '123456789', NULL, NULL, NULL, 'mahsah@gmail.com', '2017-06-23 01:18:27', 1, NULL),
(346, 4, 20000, NULL, 'estepa Bleh', NULL, NULL, NULL, NULL, NULL, '123456789', NULL, NULL, NULL, 'mahsah@gmail.com', '2017-06-23 01:18:27', 1, NULL),
(347, 4, 20000, NULL, 'estepa Bleh', NULL, NULL, NULL, NULL, NULL, '123456789', NULL, NULL, NULL, 'mahsah@gmail.com', '2017-06-23 01:18:27', 1, NULL),
(348, 4, 20000, NULL, 'estepa Bleh', NULL, NULL, NULL, NULL, NULL, '123456789', NULL, NULL, NULL, 'mahsah@gmail.com', '2017-06-23 01:18:27', 1, NULL),
(349, 4, 20000, NULL, 'estepa Bleh', NULL, NULL, NULL, NULL, NULL, '123456789', NULL, NULL, NULL, 'mahsah@gmail.com', '2017-06-23 01:18:27', 1, NULL),
(350, 4, 20000, NULL, 'estepa Bleh', NULL, NULL, NULL, NULL, NULL, '123456789', NULL, NULL, NULL, 'mahsah@gmail.com', '2017-06-23 01:18:27', 1, NULL),
(351, 4, 20000, NULL, 'estepa Bleh', NULL, NULL, NULL, NULL, NULL, '123456789', NULL, NULL, NULL, 'mahsah@gmail.com', '2017-06-23 01:18:27', 1, NULL),
(352, 4, 20000, NULL, 'estepa Bleh', NULL, NULL, NULL, NULL, NULL, '123456789', NULL, NULL, NULL, 'mahsah@gmail.com', '2017-06-23 01:18:27', 1, NULL),
(353, 4, 20000, NULL, 'estepa Bleh', NULL, NULL, NULL, NULL, NULL, '123456789', NULL, NULL, NULL, 'mahsah@gmail.com', '2017-06-23 01:18:27', 1, NULL),
(354, 4, 20000, NULL, 'estepa Bleh', NULL, NULL, NULL, NULL, NULL, '123456789', NULL, NULL, NULL, 'mahsah@gmail.com', '2017-06-23 01:18:27', 1, NULL),
(355, 4, 20000, NULL, 'estepa Bleh', NULL, NULL, NULL, NULL, NULL, '123456789', NULL, NULL, NULL, 'mahsah@gmail.com', '2017-06-23 01:18:27', 1, NULL),
(356, 4, 20000, NULL, 'estepa Bleh', NULL, NULL, NULL, NULL, NULL, '123456789', NULL, NULL, NULL, 'mahsah@gmail.com', '2017-06-23 01:18:27', 1, NULL),
(357, 4, 20000, NULL, 'estepa Bleh', NULL, NULL, NULL, NULL, NULL, '123456789', NULL, NULL, NULL, 'mahsah@gmail.com', '2017-06-23 01:18:27', 1, NULL),
(358, 4, 20000, NULL, 'estepa Bleh', NULL, NULL, NULL, NULL, NULL, '123456789', NULL, NULL, NULL, 'mahsah@gmail.com', '2017-06-23 01:18:27', 1, NULL),
(359, 4, 20000, NULL, 'estepa Bleh', NULL, NULL, NULL, NULL, NULL, '123456789', NULL, NULL, NULL, 'mahsah@gmail.com', '2017-06-23 01:18:27', 1, NULL),
(360, 4, 20000, NULL, 'estepa Bleh', NULL, NULL, NULL, NULL, NULL, '123456789', NULL, NULL, NULL, 'mahsah@gmail.com', '2017-06-23 01:18:27', 1, NULL),
(361, 4, 20000, NULL, 'estepa Bleh', NULL, NULL, NULL, NULL, NULL, '123456789', NULL, NULL, NULL, 'mahsah@gmail.com', '2017-06-23 01:18:27', 1, NULL),
(362, 4, 20000, NULL, 'estepa Bleh', NULL, NULL, NULL, NULL, NULL, '123456789', NULL, NULL, NULL, 'mahsah@gmail.com', '2017-06-23 01:18:27', 1, NULL),
(363, 4, 20000, NULL, 'estepa Bleh', NULL, NULL, NULL, NULL, NULL, '123456789', NULL, NULL, NULL, 'mahsah@gmail.com', '2017-06-23 01:18:27', 1, NULL),
(364, 4, 20000, NULL, 'estepa Bleh', NULL, NULL, NULL, NULL, NULL, '123456789', NULL, NULL, NULL, 'mahsah@gmail.com', '2017-06-23 01:18:27', 1, NULL),
(365, 4, 20000, NULL, 'estepa Bleh', NULL, NULL, NULL, NULL, NULL, '123456789', NULL, NULL, NULL, 'mahsah@gmail.com', '2017-06-23 01:18:27', 1, NULL),
(366, 4, 20000, NULL, 'estepa Bleh', NULL, NULL, NULL, NULL, NULL, '123456789', NULL, NULL, NULL, 'mahsah@gmail.com', '2017-06-23 01:18:27', 1, NULL),
(367, 4, 20000, NULL, 'estepa Bleh', NULL, NULL, NULL, NULL, NULL, '123456789', NULL, NULL, NULL, 'mahsah@gmail.com', '2017-06-23 01:18:27', 1, NULL),
(368, 4, 20000, NULL, 'estepa Bleh', NULL, NULL, NULL, NULL, NULL, '123456789', NULL, NULL, NULL, 'mahsah@gmail.com', '2017-06-23 01:18:27', 1, NULL),
(369, 4, 20000, NULL, 'estepa Bleh', NULL, NULL, NULL, NULL, NULL, '123456789', NULL, NULL, NULL, 'mahsah@gmail.com', '2017-06-23 01:18:27', 1, NULL),
(370, 4, 20000, NULL, 'estepa Bleh', NULL, NULL, NULL, NULL, NULL, '123456789', NULL, NULL, NULL, 'mahsah@gmail.com', '2017-06-23 01:18:27', 1, NULL),
(371, 4, 20000, NULL, 'estepa Bleh', NULL, NULL, NULL, NULL, NULL, '123456789', NULL, NULL, NULL, 'mahsah@gmail.com', '2017-06-23 01:18:27', 1, NULL),
(372, 4, 20000, NULL, 'estepa Bleh', NULL, NULL, NULL, NULL, NULL, '123456789', NULL, NULL, NULL, 'mahsah@gmail.com', '2017-06-23 01:18:27', 1, NULL),
(373, 4, 20000, NULL, 'estepa Bleh', NULL, NULL, NULL, NULL, NULL, '123456789', NULL, NULL, NULL, 'mahsah@gmail.com', '2017-06-23 01:18:27', 1, NULL),
(374, 4, 20000, NULL, 'estepa Bleh', NULL, NULL, NULL, NULL, NULL, '123456789', NULL, NULL, NULL, 'mahsah@gmail.com', '2017-06-23 01:18:27', 1, NULL),
(375, 4, 20000, NULL, 'estepa Bleh', NULL, NULL, NULL, NULL, NULL, '123456789', NULL, NULL, NULL, 'mahsah@gmail.com', '2017-06-23 01:18:27', 1, NULL),
(376, 4, 20000, NULL, 'estepa Bleh', NULL, NULL, NULL, NULL, NULL, '123456789', NULL, NULL, NULL, 'mahsah@gmail.com', '2017-06-23 01:18:27', 1, NULL),
(377, 4, 20000, NULL, 'estepa Bleh', NULL, NULL, NULL, NULL, NULL, '123456789', NULL, NULL, NULL, 'mahsah@gmail.com', '2017-06-23 01:18:27', 1, NULL),
(378, 4, 20000, NULL, 'estepa Bleh', NULL, NULL, NULL, NULL, NULL, '123456789', NULL, NULL, NULL, 'mahsah@gmail.com', '2017-06-23 01:18:27', 1, NULL),
(379, 4, 20000, NULL, 'estepa Bleh', NULL, NULL, NULL, NULL, NULL, '123456789', NULL, NULL, NULL, 'mahsah@gmail.com', '2017-06-23 01:18:27', 1, NULL),
(380, 4, 20000, NULL, 'estepa Bleh', NULL, NULL, NULL, NULL, NULL, '123456789', NULL, NULL, NULL, 'mahsah@gmail.com', '2017-06-23 01:18:27', 1, NULL),
(381, 4, 20000, NULL, 'estepa Bleh', NULL, NULL, NULL, NULL, NULL, '123456789', NULL, NULL, NULL, 'mahsah@gmail.com', '2017-06-23 01:18:27', 1, NULL),
(382, 4, 20000, NULL, 'estepa Bleh', NULL, NULL, NULL, NULL, NULL, '123456789', NULL, NULL, NULL, 'mahsah@gmail.com', '2017-06-23 01:18:27', 1, NULL),
(383, 4, 20000, NULL, 'estepa Bleh', NULL, NULL, NULL, NULL, NULL, '123456789', NULL, NULL, NULL, 'mahsah@gmail.com', '2017-06-23 01:18:27', 1, NULL),
(384, 4, 20000, NULL, 'estepa Bleh', NULL, NULL, NULL, NULL, NULL, '123456789', NULL, NULL, NULL, 'mahsah@gmail.com', '2017-06-23 01:18:27', 1, NULL),
(385, 4, 20000, NULL, 'estepa Bleh', NULL, NULL, NULL, NULL, NULL, '123456789', NULL, NULL, NULL, 'mahsah@gmail.com', '2017-06-23 01:18:27', 1, NULL),
(386, 4, 20000, NULL, 'estepa Bleh', NULL, NULL, NULL, NULL, NULL, '123456789', NULL, NULL, NULL, 'mahsah@gmail.com', '2017-06-23 01:18:27', 1, NULL),
(387, 4, 20000, NULL, 'estepa Bleh', NULL, NULL, NULL, NULL, NULL, '123456789', NULL, NULL, NULL, 'mahsah@gmail.com', '2017-06-23 01:18:27', 1, NULL),
(388, 4, 20000, NULL, 'estepa Bleh', NULL, NULL, NULL, NULL, NULL, '123456789', NULL, NULL, NULL, 'mahsah@gmail.com', '2017-06-23 01:18:27', 1, NULL),
(389, 4, 20000, NULL, 'estepa Bleh', NULL, NULL, NULL, NULL, NULL, '123456789', NULL, NULL, NULL, 'mahsah@gmail.com', '2017-06-23 01:18:27', 1, NULL),
(390, 4, 20000, NULL, 'estepa Bleh', NULL, NULL, NULL, NULL, NULL, '123456789', NULL, NULL, NULL, 'mahsah@gmail.com', '2017-06-23 01:18:27', 1, NULL),
(391, 4, 20000, NULL, 'estepa Bleh', NULL, NULL, NULL, NULL, NULL, '123456789', NULL, NULL, NULL, 'mahsah@gmail.com', '2017-06-23 01:18:27', 1, NULL),
(392, 4, 20000, NULL, 'estepa Bleh', NULL, NULL, NULL, NULL, NULL, '123456789', NULL, NULL, NULL, 'mahsah@gmail.com', '2017-06-23 01:18:27', 1, NULL),
(393, 4, 20000, NULL, 'estepa Bleh', NULL, NULL, NULL, NULL, NULL, '123456789', NULL, NULL, NULL, 'mahsah@gmail.com', '2017-06-23 01:18:27', 1, NULL),
(394, 4, 20000, NULL, 'estepa Bleh', NULL, NULL, NULL, NULL, NULL, '123456789', NULL, NULL, NULL, 'mahsah@gmail.com', '2017-06-23 01:18:27', 1, NULL),
(395, 4, 20000, NULL, 'estepa Bleh', NULL, NULL, NULL, NULL, NULL, '123456789', NULL, NULL, NULL, 'mahsah@gmail.com', '2017-06-23 01:18:27', 1, NULL),
(396, 4, 20000, NULL, 'estepa Bleh', NULL, NULL, NULL, NULL, NULL, '123456789', NULL, NULL, NULL, 'mahsah@gmail.com', '2017-06-23 01:18:27', 1, NULL),
(397, 4, 20000, NULL, 'estepa Bleh', NULL, NULL, NULL, NULL, NULL, '123456789', NULL, NULL, NULL, 'mahsah@gmail.com', '2017-06-23 01:18:27', 1, NULL),
(398, 4, 20000, NULL, 'estepa Bleh', NULL, NULL, NULL, NULL, NULL, '123456789', NULL, NULL, NULL, 'mahsah@gmail.com', '2017-06-23 01:18:27', 1, NULL),
(399, 4, 20000, NULL, 'estepa Bleh', NULL, NULL, NULL, NULL, NULL, '123456789', NULL, NULL, NULL, 'mahsah@gmail.com', '2017-06-23 01:18:27', 1, NULL),
(400, 4, 20000, NULL, 'estepa Bleh', NULL, NULL, NULL, NULL, NULL, '123456789', NULL, NULL, NULL, 'mahsah@gmail.com', '2017-06-23 01:18:27', 1, NULL),
(401, 4, 20000, NULL, 'estepa Bleh', NULL, NULL, NULL, NULL, NULL, '123456789', NULL, NULL, NULL, 'mahsah@gmail.com', '2017-06-23 01:18:27', 1, NULL),
(402, 4, 20000, NULL, 'estepa Bleh', NULL, NULL, NULL, NULL, NULL, '123456789', NULL, NULL, NULL, 'mahsah@gmail.com', '2017-06-23 01:18:27', 1, NULL),
(403, 4, 20000, NULL, 'estepa Bleh', NULL, NULL, NULL, NULL, NULL, '123456789', NULL, NULL, NULL, 'mahsah@gmail.com', '2017-06-23 01:18:27', 1, NULL),
(404, 4, 20000, NULL, 'estepa Bleh', NULL, NULL, NULL, NULL, NULL, '123456789', NULL, NULL, NULL, 'mahsah@gmail.com', '2017-06-23 01:18:27', 1, NULL),
(405, 4, 20000, NULL, 'estepa Bleh', NULL, NULL, NULL, NULL, NULL, '123456789', NULL, NULL, NULL, 'mahsah@gmail.com', '2017-06-23 01:18:27', 1, NULL),
(406, 4, 20000, NULL, 'estepa Bleh', NULL, NULL, NULL, NULL, NULL, '123456789', NULL, NULL, NULL, 'mahsah@gmail.com', '2017-06-23 01:18:27', 1, NULL),
(407, 4, 20000, NULL, 'estepa Bleh', NULL, NULL, NULL, NULL, NULL, '123456789', NULL, NULL, NULL, 'mahsah@gmail.com', '2017-06-23 01:18:27', 1, NULL),
(408, 4, 20000, NULL, 'estepa Bleh', NULL, NULL, NULL, NULL, NULL, '123456789', NULL, NULL, NULL, 'mahsah@gmail.com', '2017-06-23 01:18:27', 1, NULL),
(409, 4, 20000, NULL, 'estepa Bleh', NULL, NULL, NULL, NULL, NULL, '123456789', NULL, NULL, NULL, 'mahsah@gmail.com', '2017-06-23 01:18:27', 1, NULL),
(410, 4, 20000, NULL, 'estepa Bleh', NULL, NULL, NULL, NULL, NULL, '123456789', NULL, NULL, NULL, 'mahsah@gmail.com', '2017-06-23 01:18:27', 1, NULL),
(411, 4, 20000, NULL, 'estepa Bleh', NULL, NULL, NULL, NULL, NULL, '123456789', NULL, NULL, NULL, 'mahsah@gmail.com', '2017-06-23 01:18:27', 1, NULL),
(412, 4, 20000, NULL, 'estepa Bleh', NULL, NULL, NULL, NULL, NULL, '123456789', NULL, NULL, NULL, 'mahsah@gmail.com', '2017-06-23 01:18:27', 1, NULL),
(413, 4, 20000, NULL, 'estepa Bleh', NULL, NULL, NULL, NULL, NULL, '123456789', NULL, NULL, NULL, 'mahsah@gmail.com', '2017-06-23 01:18:27', 1, NULL),
(414, 4, 20000, NULL, 'estepa Bleh', NULL, NULL, NULL, NULL, NULL, '123456789', NULL, NULL, NULL, 'mahsah@gmail.com', '2017-06-23 01:18:27', 1, NULL),
(415, 4, 20000, NULL, 'estepa Bleh', NULL, NULL, NULL, NULL, NULL, '123456789', NULL, NULL, NULL, 'mahsah@gmail.com', '2017-06-23 01:18:27', 1, NULL),
(416, 4, 20000, NULL, 'estepa Bleh', NULL, NULL, NULL, NULL, NULL, '123456789', NULL, NULL, NULL, 'mahsah@gmail.com', '2017-06-23 01:18:27', 1, NULL),
(417, 4, 20000, NULL, 'estepa Bleh', NULL, NULL, NULL, NULL, NULL, '123456789', NULL, NULL, NULL, 'mahsah@gmail.com', '2017-06-23 01:18:27', 1, NULL),
(418, 4, 20000, NULL, 'estepa Bleh', NULL, NULL, NULL, NULL, NULL, '123456789', NULL, NULL, NULL, 'mahsah@gmail.com', '2017-06-23 01:18:27', 1, NULL),
(419, 4, 20000, NULL, 'estepa Bleh', NULL, NULL, NULL, NULL, NULL, '123456789', NULL, NULL, NULL, 'mahsah@gmail.com', '2017-06-23 01:18:27', 1, NULL),
(420, 4, 20000, NULL, 'estepa Bleh', NULL, NULL, NULL, NULL, NULL, '123456789', NULL, NULL, NULL, 'mahsah@gmail.com', '2017-06-23 01:18:27', 1, NULL),
(421, 4, 20000, NULL, 'estepa Bleh', NULL, NULL, NULL, NULL, NULL, '123456789', NULL, NULL, NULL, 'mahsah@gmail.com', '2017-06-23 01:18:27', 1, NULL),
(422, 4, 20000, NULL, 'estepa Bleh', NULL, NULL, NULL, NULL, NULL, '123456789', NULL, NULL, NULL, 'mahsah@gmail.com', '2017-06-23 01:18:27', 1, NULL),
(423, 4, 20000, NULL, 'estepa Bleh', NULL, NULL, NULL, NULL, NULL, '123456789', NULL, NULL, NULL, 'mahsah@gmail.com', '2017-06-23 01:18:27', 1, NULL),
(424, 4, 20000, NULL, 'estepa Bleh', NULL, NULL, NULL, NULL, NULL, '123456789', NULL, NULL, NULL, 'mahsah@gmail.com', '2017-06-23 01:18:27', 1, NULL),
(425, 4, 20000, NULL, 'estepa Bleh', NULL, NULL, NULL, NULL, NULL, '123456789', NULL, NULL, NULL, 'mahsah@gmail.com', '2017-06-23 01:18:27', 1, NULL),
(426, 4, 20000, NULL, 'estepa Bleh', NULL, NULL, NULL, NULL, NULL, '123456789', NULL, NULL, NULL, 'mahsah@gmail.com', '2017-06-23 01:18:27', 1, NULL),
(427, 4, 20000, NULL, 'estepa Bleh', NULL, NULL, NULL, NULL, NULL, '123456789', NULL, NULL, NULL, 'mahsah@gmail.com', '2017-06-23 01:18:27', 1, NULL),
(428, 4, 20000, NULL, 'estepa Bleh', NULL, NULL, NULL, NULL, NULL, '123456789', NULL, NULL, NULL, 'mahsah@gmail.com', '2017-06-23 01:18:27', 1, NULL),
(429, 4, 20000, NULL, 'estepa Bleh', NULL, NULL, NULL, NULL, NULL, '123456789', NULL, NULL, NULL, 'mahsah@gmail.com', '2017-06-23 01:18:27', 1, NULL),
(430, 4, 20000, NULL, 'estepa Bleh', NULL, NULL, NULL, NULL, NULL, '123456789', NULL, NULL, NULL, 'mahsah@gmail.com', '2017-06-23 01:18:27', 1, NULL),
(431, 4, 20000, NULL, 'estepa Bleh', NULL, NULL, NULL, NULL, NULL, '123456789', NULL, NULL, NULL, 'mahsah@gmail.com', '2017-06-23 01:18:27', 1, NULL),
(432, 4, 20000, NULL, 'estepa Bleh', NULL, NULL, NULL, NULL, NULL, '123456789', NULL, NULL, NULL, 'mahsah@gmail.com', '2017-06-23 01:18:27', 1, NULL),
(433, 4, 20000, NULL, 'estepa Bleh', NULL, NULL, NULL, NULL, NULL, '123456789', NULL, NULL, NULL, 'mahsah@gmail.com', '2017-06-23 01:18:27', 1, NULL),
(434, 4, 20000, NULL, 'estepa Bleh', NULL, NULL, NULL, NULL, NULL, '123456789', NULL, NULL, NULL, 'mahsah@gmail.com', '2017-06-23 01:18:27', 1, NULL),
(435, 4, 20000, NULL, 'estepa Bleh', NULL, NULL, NULL, NULL, NULL, '123456789', NULL, NULL, NULL, 'mahsah@gmail.com', '2017-06-23 01:18:27', 1, NULL),
(436, 4, 20000, NULL, 'estepa Bleh', NULL, NULL, NULL, NULL, NULL, '123456789', NULL, NULL, NULL, 'mahsah@gmail.com', '2017-06-23 01:18:27', 1, NULL),
(437, 4, 20000, NULL, 'estepa Bleh', NULL, NULL, NULL, NULL, NULL, '123456789', NULL, NULL, NULL, 'mahsah@gmail.com', '2017-06-23 01:18:27', 1, NULL),
(438, 4, 20000, NULL, 'estepa Bleh', NULL, NULL, NULL, NULL, NULL, '123456789', NULL, NULL, NULL, 'mahsah@gmail.com', '2017-06-23 01:18:27', 1, NULL),
(439, 4, 20000, NULL, 'estepa Bleh', NULL, NULL, NULL, NULL, NULL, '123456789', NULL, NULL, NULL, 'mahsah@gmail.com', '2017-06-23 01:18:27', 1, NULL),
(440, 4, 20000, NULL, 'estepa Bleh', NULL, NULL, NULL, NULL, NULL, '123456789', NULL, NULL, NULL, 'mahsah@gmail.com', '2017-06-23 01:18:27', 1, NULL),
(441, 4, 20000, NULL, 'estepa Bleh', NULL, NULL, NULL, NULL, NULL, '123456789', NULL, NULL, NULL, 'mahsah@gmail.com', '2017-06-23 01:18:27', 1, NULL),
(442, 4, 20000, NULL, 'estepa Bleh', NULL, NULL, NULL, NULL, NULL, '123456789', NULL, NULL, NULL, 'mahsah@gmail.com', '2017-06-23 01:18:27', 1, NULL),
(443, 4, 20000, NULL, 'estepa Bleh', NULL, NULL, NULL, NULL, NULL, '123456789', NULL, NULL, NULL, 'mahsah@gmail.com', '2017-06-23 01:18:27', 1, NULL),
(444, 4, 20000, NULL, 'estepa Bleh', NULL, NULL, NULL, NULL, NULL, '123456789', NULL, NULL, NULL, 'mahsah@gmail.com', '2017-06-23 01:18:27', 1, NULL),
(445, 4, 20000, NULL, 'estepa Bleh', NULL, NULL, NULL, NULL, NULL, '123456789', NULL, NULL, NULL, 'mahsah@gmail.com', '2017-06-23 01:18:27', 1, NULL),
(446, 4, 20000, NULL, 'estepa Bleh', NULL, NULL, NULL, NULL, NULL, '123456789', NULL, NULL, NULL, 'mahsah@gmail.com', '2017-06-23 01:18:27', 1, NULL),
(447, 4, 20000, NULL, 'estepa Bleh', NULL, NULL, NULL, NULL, NULL, '123456789', NULL, NULL, NULL, 'mahsah@gmail.com', '2017-06-23 01:18:27', 1, NULL),
(448, 4, 20000, NULL, 'estepa Bleh', NULL, NULL, NULL, NULL, NULL, '123456789', NULL, NULL, NULL, 'mahsah@gmail.com', '2017-06-23 01:18:27', 1, NULL),
(449, 4, 20000, NULL, 'estepa Bleh', NULL, NULL, NULL, NULL, NULL, '123456789', NULL, NULL, NULL, 'mahsah@gmail.com', '2017-06-23 01:18:27', 1, NULL),
(450, 4, 20000, NULL, 'estepa Bleh', NULL, NULL, NULL, NULL, NULL, '123456789', NULL, NULL, NULL, 'mahsah@gmail.com', '2017-06-23 01:18:27', 1, NULL),
(451, 4, 20000, NULL, 'estepa Bleh', NULL, NULL, NULL, NULL, NULL, '123456789', NULL, NULL, NULL, 'mahsah@gmail.com', '2017-06-23 01:18:27', 1, NULL),
(452, 4, 20000, NULL, 'estepa Bleh', NULL, NULL, NULL, NULL, NULL, '123456789', NULL, NULL, NULL, 'mahsah@gmail.com', '2017-06-23 01:18:27', 1, NULL),
(453, 4, 20000, NULL, 'estepa Bleh', NULL, NULL, NULL, NULL, NULL, '123456789', NULL, NULL, NULL, 'mahsah@gmail.com', '2017-06-23 01:18:27', 1, NULL),
(454, 4, 20000, NULL, 'estepa Bleh', NULL, NULL, NULL, NULL, NULL, '123456789', NULL, NULL, NULL, 'mahsah@gmail.com', '2017-06-23 01:18:27', 1, NULL),
(455, 4, 20000, NULL, 'estepa Bleh', NULL, NULL, NULL, NULL, NULL, '123456789', NULL, NULL, NULL, 'mahsah@gmail.com', '2017-06-23 01:18:27', 1, NULL),
(456, 4, 20000, NULL, 'estepa Bleh', NULL, NULL, NULL, NULL, NULL, '123456789', NULL, NULL, NULL, 'mahsah@gmail.com', '2017-06-23 01:18:27', 1, NULL),
(457, 4, 20000, NULL, 'estepa Bleh', NULL, NULL, NULL, NULL, NULL, '123456789', NULL, NULL, NULL, 'mahsah@gmail.com', '2017-06-23 01:18:27', 1, NULL),
(458, 4, 20000, NULL, 'estepa Bleh', NULL, NULL, NULL, NULL, NULL, '123456789', NULL, NULL, NULL, 'mahsah@gmail.com', '2017-06-23 01:18:27', 1, NULL),
(459, 4, 20000, NULL, 'estepa Bleh', NULL, NULL, NULL, NULL, NULL, '123456789', NULL, NULL, NULL, 'mahsah@gmail.com', '2017-06-23 01:18:27', 1, NULL),
(460, 4, 20000, NULL, 'estepa Bleh', NULL, NULL, NULL, NULL, NULL, '123456789', NULL, NULL, NULL, 'mahsah@gmail.com', '2017-06-23 01:18:27', 1, NULL),
(461, 4, 20000, NULL, 'estepa Bleh', NULL, NULL, NULL, NULL, NULL, '123456789', NULL, NULL, NULL, 'mahsah@gmail.com', '2017-06-23 01:18:27', 1, NULL),
(462, 4, 20000, NULL, 'estepa Bleh', NULL, NULL, NULL, NULL, NULL, '123456789', NULL, NULL, NULL, 'mahsah@gmail.com', '2017-06-23 01:18:27', 1, NULL),
(463, 4, 20000, NULL, 'estepa Bleh', NULL, NULL, NULL, NULL, NULL, '123456789', NULL, NULL, NULL, 'mahsah@gmail.com', '2017-06-23 01:18:27', 1, NULL),
(464, 4, 20000, NULL, 'estepa Bleh', NULL, NULL, NULL, NULL, NULL, '123456789', NULL, NULL, NULL, 'mahsah@gmail.com', '2017-06-23 01:18:27', 1, NULL),
(465, 4, 20000, NULL, 'estepa Bleh', NULL, NULL, NULL, NULL, NULL, '123456789', NULL, NULL, NULL, 'mahsah@gmail.com', '2017-06-23 01:18:27', 1, NULL),
(466, 4, 20000, NULL, 'estepa Bleh', NULL, NULL, NULL, NULL, NULL, '123456789', NULL, NULL, NULL, 'mahsah@gmail.com', '2017-06-23 01:18:27', 1, NULL),
(467, 4, 20000, NULL, 'estepa Bleh', NULL, NULL, NULL, NULL, NULL, '123456789', NULL, NULL, NULL, 'mahsah@gmail.com', '2017-06-23 01:18:27', 1, NULL),
(468, 4, 20000, NULL, 'estepa Bleh', NULL, NULL, NULL, NULL, NULL, '123456789', NULL, NULL, NULL, 'mahsah@gmail.com', '2017-06-23 01:18:27', 1, NULL),
(469, 4, 20000, NULL, 'estepa Bleh', NULL, NULL, NULL, NULL, NULL, '123456789', NULL, NULL, NULL, 'mahsah@gmail.com', '2017-06-23 01:18:27', 1, NULL),
(470, 4, 20000, NULL, 'estepa Bleh', NULL, NULL, NULL, NULL, NULL, '123456789', NULL, NULL, NULL, 'mahsah@gmail.com', '2017-06-23 01:18:27', 1, NULL),
(471, 4, 20000, NULL, 'estepa Bleh', NULL, NULL, NULL, NULL, NULL, '123456789', NULL, NULL, NULL, 'mahsah@gmail.com', '2017-06-23 01:18:27', 1, NULL),
(472, 4, 20000, NULL, 'estepa Bleh', NULL, NULL, NULL, NULL, NULL, '123456789', NULL, NULL, NULL, 'mahsah@gmail.com', '2017-06-23 01:18:27', 1, NULL),
(473, 4, 20000, NULL, 'estepa Bleh', NULL, NULL, NULL, NULL, NULL, '123456789', NULL, NULL, NULL, 'mahsah@gmail.com', '2017-06-23 01:18:27', 1, NULL),
(474, 4, 20000, NULL, 'estepa Bleh', NULL, NULL, NULL, NULL, NULL, '123456789', NULL, NULL, NULL, 'mahsah@gmail.com', '2017-06-23 01:18:27', 1, NULL),
(475, 4, 20000, NULL, 'estepa Bleh', NULL, NULL, NULL, NULL, NULL, '123456789', NULL, NULL, NULL, 'mahsah@gmail.com', '2017-06-23 01:18:27', 1, NULL),
(476, 4, 20000, NULL, 'estepa Bleh', NULL, NULL, NULL, NULL, NULL, '123456789', NULL, NULL, NULL, 'mahsah@gmail.com', '2017-06-23 01:18:27', 1, NULL),
(477, 4, 20000, NULL, 'estepa Bleh', NULL, NULL, NULL, NULL, NULL, '123456789', NULL, NULL, NULL, 'mahsah@gmail.com', '2017-06-23 01:18:27', 1, NULL),
(478, 4, 20000, NULL, 'estepa Bleh', NULL, NULL, NULL, NULL, NULL, '123456789', NULL, NULL, NULL, 'mahsah@gmail.com', '2017-06-23 01:18:27', 1, NULL),
(479, 4, 20000, NULL, 'estepa Bleh', NULL, NULL, NULL, NULL, NULL, '123456789', NULL, NULL, NULL, 'mahsah@gmail.com', '2017-06-23 01:18:27', 1, NULL),
(480, 4, 20000, NULL, 'estepa Bleh', NULL, NULL, NULL, NULL, NULL, '123456789', NULL, NULL, NULL, 'mahsah@gmail.com', '2017-06-23 01:18:27', 1, NULL),
(481, 4, 20000, NULL, 'estepa Bleh', NULL, NULL, NULL, NULL, NULL, '123456789', NULL, NULL, NULL, 'mahsah@gmail.com', '2017-06-23 01:18:27', 1, NULL),
(482, 4, 20000, NULL, 'estepa Bleh', NULL, NULL, NULL, NULL, NULL, '123456789', NULL, NULL, NULL, 'mahsah@gmail.com', '2017-06-23 01:18:27', 1, NULL),
(483, 4, 20000, NULL, 'estepa Bleh', NULL, NULL, NULL, NULL, NULL, '123456789', NULL, NULL, NULL, 'mahsah@gmail.com', '2017-06-23 01:18:27', 1, NULL),
(484, 4, 20000, NULL, 'estepa Bleh', NULL, NULL, NULL, NULL, NULL, '123456789', NULL, NULL, NULL, 'mahsah@gmail.com', '2017-06-23 01:18:27', 1, NULL),
(485, 4, 20000, NULL, 'estepa Bleh', NULL, NULL, NULL, NULL, NULL, '123456789', NULL, NULL, NULL, 'mahsah@gmail.com', '2017-06-23 01:18:27', 1, NULL),
(486, 4, 20000, NULL, 'estepa Bleh', NULL, NULL, NULL, NULL, NULL, '123456789', NULL, NULL, NULL, 'mahsah@gmail.com', '2017-06-23 01:18:27', 1, NULL),
(487, 4, 20000, NULL, 'estepa Bleh', NULL, NULL, NULL, NULL, NULL, '123456789', NULL, NULL, NULL, 'mahsah@gmail.com', '2017-06-23 01:18:27', 1, NULL),
(488, 4, 20000, NULL, 'estepa Bleh', NULL, NULL, NULL, NULL, NULL, '123456789', NULL, NULL, NULL, 'mahsah@gmail.com', '2017-06-23 01:18:27', 1, NULL),
(489, 4, 20000, NULL, 'estepa Bleh', NULL, NULL, NULL, NULL, NULL, '123456789', NULL, NULL, NULL, 'mahsah@gmail.com', '2017-06-23 01:18:27', 1, NULL),
(490, 4, 20000, NULL, 'estepa Bleh', NULL, NULL, NULL, NULL, NULL, '123456789', NULL, NULL, NULL, 'mahsah@gmail.com', '2017-06-23 01:18:27', 1, NULL),
(491, 4, 20000, NULL, 'estepa Bleh', NULL, NULL, NULL, NULL, NULL, '123456789', NULL, NULL, NULL, 'mahsah@gmail.com', '2017-06-23 01:18:27', 1, NULL),
(492, 4, 20000, NULL, 'estepa Bleh', NULL, NULL, NULL, NULL, NULL, '123456789', NULL, NULL, NULL, 'mahsah@gmail.com', '2017-06-23 01:18:27', 1, NULL),
(493, 4, 20000, NULL, 'estepa Bleh', NULL, NULL, NULL, NULL, NULL, '123456789', NULL, NULL, NULL, 'mahsah@gmail.com', '2017-06-23 01:18:27', 1, NULL),
(494, 4, 20000, NULL, 'estepa Bleh', NULL, NULL, NULL, NULL, NULL, '123456789', NULL, NULL, NULL, 'mahsah@gmail.com', '2017-06-23 01:18:27', 1, NULL),
(495, 4, 20000, NULL, 'estepa Bleh', NULL, NULL, NULL, NULL, NULL, '123456789', NULL, NULL, NULL, 'mahsah@gmail.com', '2017-06-23 01:18:27', 1, NULL),
(496, 4, 20000, NULL, 'estepa Bleh', NULL, NULL, NULL, NULL, NULL, '123456789', NULL, NULL, NULL, 'mahsah@gmail.com', '2017-06-23 01:18:27', 1, NULL),
(497, 4, 20000, NULL, 'estepa Bleh', NULL, NULL, NULL, NULL, NULL, '123456789', NULL, NULL, NULL, 'mahsah@gmail.com', '2017-06-23 01:18:27', 1, NULL),
(498, 4, 20000, NULL, 'estepa Bleh', NULL, NULL, NULL, NULL, NULL, '123456789', NULL, NULL, NULL, 'mahsah@gmail.com', '2017-06-23 01:18:27', 1, NULL),
(499, 4, 20000, NULL, 'estepa Bleh', NULL, NULL, NULL, NULL, NULL, '123456789', NULL, NULL, NULL, 'mahsah@gmail.com', '2017-06-23 01:18:27', 1, NULL),
(500, 4, 20000, NULL, 'estepa Bleh', NULL, NULL, NULL, NULL, NULL, '123456789', NULL, NULL, NULL, 'mahsah@gmail.com', '2017-06-23 01:18:27', 1, NULL),
(501, 4, 20000, NULL, 'estepa Bleh', NULL, NULL, NULL, NULL, NULL, '123456789', NULL, NULL, NULL, 'mahsah@gmail.com', '2017-06-23 01:18:27', 1, NULL),
(502, 4, 20000, NULL, 'estepa Bleh', NULL, NULL, NULL, NULL, NULL, '123456789', NULL, NULL, NULL, 'mahsah@gmail.com', '2017-06-23 01:18:27', 1, NULL),
(503, 4, 20000, NULL, 'estepa Bleh', NULL, NULL, NULL, NULL, NULL, '123456789', NULL, NULL, NULL, 'mahsah@gmail.com', '2017-06-23 01:18:27', 1, NULL),
(504, 4, 20000, NULL, 'estepa Bleh', NULL, NULL, NULL, NULL, NULL, '123456789', NULL, NULL, NULL, 'mahsah@gmail.com', '2017-06-23 01:18:27', 1, NULL),
(505, 4, 20000, NULL, 'estepa Bleh', NULL, NULL, NULL, NULL, NULL, '123456789', NULL, NULL, NULL, 'mahsah@gmail.com', '2017-06-23 01:18:27', 1, NULL),
(506, 4, 20000, NULL, 'estepa Bleh', NULL, NULL, NULL, NULL, NULL, '123456789', NULL, NULL, NULL, 'mahsah@gmail.com', '2017-06-23 01:18:27', 1, NULL),
(507, 4, 20000, NULL, 'estepa Bleh', NULL, NULL, NULL, NULL, NULL, '123456789', NULL, NULL, NULL, 'mahsah@gmail.com', '2017-06-23 01:18:27', 1, NULL),
(508, 4, 20000, NULL, 'estepa Bleh', NULL, NULL, NULL, NULL, NULL, '123456789', NULL, NULL, NULL, 'mahsah@gmail.com', '2017-06-23 01:18:27', 1, NULL),
(509, 4, 20000, NULL, 'estepa Bleh', NULL, NULL, NULL, NULL, NULL, '123456789', NULL, NULL, NULL, 'mahsah@gmail.com', '2017-06-23 01:18:27', 1, NULL),
(510, 4, 20000, NULL, 'estepa Bleh', NULL, NULL, NULL, NULL, NULL, '123456789', NULL, NULL, NULL, 'mahsah@gmail.com', '2017-06-23 01:18:27', 1, NULL),
(511, 4, 20000, NULL, 'estepa Bleh', NULL, NULL, NULL, NULL, NULL, '123456789', NULL, NULL, NULL, 'mahsah@gmail.com', '2017-06-23 01:18:27', 1, NULL),
(512, 4, 20000, NULL, 'estepa Bleh', NULL, NULL, NULL, NULL, NULL, '123456789', NULL, NULL, NULL, 'mahsah@gmail.com', '2017-06-23 01:18:27', 1, NULL),
(513, 4, 20000, NULL, 'estepa Bleh', NULL, NULL, NULL, NULL, NULL, '123456789', NULL, NULL, NULL, 'mahsah@gmail.com', '2017-06-23 01:18:28', 1, NULL),
(514, 4, 20000, NULL, 'estepa Bleh', NULL, NULL, NULL, NULL, NULL, '123456789', NULL, NULL, NULL, 'mahsah@gmail.com', '2017-06-23 01:18:28', 1, NULL),
(515, 4, 20000, NULL, 'estepa Bleh', NULL, NULL, NULL, NULL, NULL, '123456789', NULL, NULL, NULL, 'mahsah@gmail.com', '2017-06-23 01:18:28', 1, NULL),
(516, 4, 20000, NULL, 'estepa Bleh', NULL, NULL, NULL, NULL, NULL, '123456789', NULL, NULL, NULL, 'mahsah@gmail.com', '2017-06-23 01:18:28', 1, NULL),
(517, 4, 20000, NULL, 'estepa Bleh', NULL, NULL, NULL, NULL, NULL, '123456789', NULL, NULL, NULL, 'mahsah@gmail.com', '2017-06-23 01:18:28', 1, NULL),
(518, 4, 20000, NULL, 'estepa Bleh', NULL, NULL, NULL, NULL, NULL, '123456789', NULL, NULL, NULL, 'mahsah@gmail.com', '2017-06-23 01:18:28', 1, NULL),
(519, 4, 20000, NULL, 'estepa Bleh', NULL, NULL, NULL, NULL, NULL, '123456789', NULL, NULL, NULL, 'mahsah@gmail.com', '2017-06-23 01:18:28', 1, NULL),
(520, 4, 20000, NULL, 'estepa Bleh', NULL, NULL, NULL, NULL, NULL, '123456789', NULL, NULL, NULL, 'mahsah@gmail.com', '2017-06-23 01:18:28', 1, NULL),
(521, 4, 20000, NULL, 'estepa Bleh', NULL, NULL, NULL, NULL, NULL, '123456789', NULL, NULL, NULL, 'mahsah@gmail.com', '2017-06-23 01:18:28', 1, NULL),
(522, 4, 20000, NULL, 'estepa Bleh', NULL, NULL, NULL, NULL, NULL, '123456789', NULL, NULL, NULL, 'mahsah@gmail.com', '2017-06-23 01:18:28', 1, NULL),
(523, 4, 20000, NULL, 'estepa Bleh', NULL, NULL, NULL, NULL, NULL, '123456789', NULL, NULL, NULL, 'mahsah@gmail.com', '2017-06-23 01:18:28', 1, NULL),
(524, 4, 20000, NULL, 'estepa Bleh', NULL, NULL, NULL, NULL, NULL, '123456789', NULL, NULL, NULL, 'mahsah@gmail.com', '2017-06-23 01:18:28', 1, NULL),
(525, 4, 20000, NULL, 'estepa Bleh', NULL, NULL, NULL, NULL, NULL, '123456789', NULL, NULL, NULL, 'mahsah@gmail.com', '2017-06-23 01:18:28', 1, NULL),
(526, 4, 20000, NULL, 'estepa Bleh', NULL, NULL, NULL, NULL, NULL, '123456789', NULL, NULL, NULL, 'mahsah@gmail.com', '2017-06-23 01:18:28', 1, NULL),
(527, 4, 20000, NULL, 'estepa Bleh', NULL, NULL, NULL, NULL, NULL, '123456789', NULL, NULL, NULL, 'mahsah@gmail.com', '2017-06-23 01:18:28', 1, NULL),
(528, 4, 20000, NULL, 'estepa Bleh', NULL, NULL, NULL, NULL, NULL, '123456789', NULL, NULL, NULL, 'mahsah@gmail.com', '2017-06-23 01:18:28', 1, NULL),
(529, 4, 20000, NULL, 'estepa Bleh', NULL, NULL, NULL, NULL, NULL, '123456789', NULL, NULL, NULL, 'mahsah@gmail.com', '2017-06-23 01:18:28', 1, NULL),
(530, 4, 20000, NULL, 'estepa Bleh', NULL, NULL, NULL, NULL, NULL, '123456789', NULL, NULL, NULL, 'mahsah@gmail.com', '2017-06-23 01:18:28', 1, NULL),
(531, 4, 20000, NULL, 'estepa Bleh', NULL, NULL, NULL, NULL, NULL, '123456789', NULL, NULL, NULL, 'mahsah@gmail.com', '2017-06-23 01:18:28', 1, NULL),
(532, 4, 20000, NULL, 'estepa Bleh', NULL, NULL, NULL, NULL, NULL, '123456789', NULL, NULL, NULL, 'mahsah@gmail.com', '2017-06-23 01:18:28', 1, NULL),
(533, 4, 20000, NULL, 'estepa Bleh', NULL, NULL, NULL, NULL, NULL, '123456789', NULL, NULL, NULL, 'mahsah@gmail.com', '2017-06-23 01:18:28', 1, NULL),
(534, 4, 20000, NULL, 'estepa Bleh', NULL, NULL, NULL, NULL, NULL, '123456789', NULL, NULL, NULL, 'mahsah@gmail.com', '2017-06-23 01:18:28', 1, NULL),
(535, 4, 20000, NULL, 'estepa Bleh', NULL, NULL, NULL, NULL, NULL, '123456789', NULL, NULL, NULL, 'mahsah@gmail.com', '2017-06-23 01:18:28', 1, NULL),
(536, 4, 20000, NULL, 'estepa Bleh', NULL, NULL, NULL, NULL, NULL, '123456789', NULL, NULL, NULL, 'mahsah@gmail.com', '2017-06-23 01:18:28', 1, NULL),
(537, 4, 20000, NULL, 'estepa Bleh', NULL, NULL, NULL, NULL, NULL, '123456789', NULL, NULL, NULL, 'mahsah@gmail.com', '2017-06-23 01:18:28', 1, NULL),
(538, 4, 20000, NULL, 'estepa Bleh', NULL, NULL, NULL, NULL, NULL, '123456789', NULL, NULL, NULL, 'mahsah@gmail.com', '2017-06-23 01:18:28', 1, NULL),
(539, 4, 20000, NULL, 'estepa Bleh', NULL, NULL, NULL, NULL, NULL, '123456789', NULL, NULL, NULL, 'mahsah@gmail.com', '2017-06-23 01:18:28', 1, NULL),
(540, 4, 20000, NULL, 'estepa Bleh', NULL, NULL, NULL, NULL, NULL, '123456789', NULL, NULL, NULL, 'mahsah@gmail.com', '2017-06-23 01:18:28', 1, NULL),
(541, 4, 20000, NULL, 'estepa Bleh', NULL, NULL, NULL, NULL, NULL, '123456789', NULL, NULL, NULL, 'mahsah@gmail.com', '2017-06-23 01:18:28', 1, NULL),
(542, 4, 20000, NULL, 'estepa Bleh', NULL, NULL, NULL, NULL, NULL, '123456789', NULL, NULL, NULL, 'mahsah@gmail.com', '2017-06-23 01:18:28', 1, NULL),
(543, 4, 20000, NULL, 'estepa Bleh', NULL, NULL, NULL, NULL, NULL, '123456789', NULL, NULL, NULL, 'mahsah@gmail.com', '2017-06-23 01:18:28', 1, NULL),
(544, 4, 20000, NULL, 'estepa Bleh', NULL, NULL, NULL, NULL, NULL, '123456789', NULL, NULL, NULL, 'mahsah@gmail.com', '2017-06-23 01:18:28', 1, NULL),
(545, 4, 20000, NULL, 'estepa Bleh', NULL, NULL, NULL, NULL, NULL, '123456789', NULL, NULL, NULL, 'mahsah@gmail.com', '2017-06-23 01:18:28', 1, NULL),
(546, 4, 20000, NULL, 'estepa Bleh', NULL, NULL, NULL, NULL, NULL, '123456789', NULL, NULL, NULL, 'mahsah@gmail.com', '2017-06-23 01:18:28', 1, NULL),
(547, 4, 20000, NULL, 'estepa Bleh', NULL, NULL, NULL, NULL, NULL, '123456789', NULL, NULL, NULL, 'mahsah@gmail.com', '2017-06-23 01:18:28', 1, NULL),
(548, 4, 20000, NULL, 'estepa Bleh', NULL, NULL, NULL, NULL, NULL, '123456789', NULL, NULL, NULL, 'mahsah@gmail.com', '2017-06-23 01:18:28', 1, NULL),
(549, 4, 20000, NULL, 'estepa Bleh', NULL, NULL, NULL, NULL, NULL, '123456789', NULL, NULL, NULL, 'mahsah@gmail.com', '2017-06-23 01:18:28', 1, NULL),
(550, 4, 20000, NULL, 'estepa Bleh', NULL, NULL, NULL, NULL, NULL, '123456789', NULL, NULL, NULL, 'mahsah@gmail.com', '2017-06-23 01:18:28', 1, NULL),
(551, 4, 20000, NULL, 'estepa Bleh', NULL, NULL, NULL, NULL, NULL, '123456789', NULL, NULL, NULL, 'mahsah@gmail.com', '2017-06-23 01:18:28', 1, NULL),
(552, 4, 20000, NULL, 'estepa Bleh', NULL, NULL, NULL, NULL, NULL, '123456789', NULL, NULL, NULL, 'mahsah@gmail.com', '2017-06-23 01:18:28', 1, NULL),
(553, 4, 20000, NULL, 'estepa Bleh', NULL, NULL, NULL, NULL, NULL, '123456789', NULL, NULL, NULL, 'mahsah@gmail.com', '2017-06-23 01:18:28', 1, NULL),
(554, 4, 20000, NULL, 'estepa Bleh', NULL, NULL, NULL, NULL, NULL, '123456789', NULL, NULL, NULL, 'mahsah@gmail.com', '2017-06-23 01:18:28', 1, NULL),
(555, 4, 20000, NULL, 'estepa Bleh', NULL, NULL, NULL, NULL, NULL, '123456789', NULL, NULL, NULL, 'mahsah@gmail.com', '2017-06-23 01:18:28', 1, NULL),
(556, 4, 20000, NULL, 'estepa Bleh', NULL, NULL, NULL, NULL, NULL, '123456789', NULL, NULL, NULL, 'mahsah@gmail.com', '2017-06-23 01:18:28', 1, NULL),
(557, 4, 20000, NULL, 'estepa Bleh', NULL, NULL, NULL, NULL, NULL, '123456789', NULL, NULL, NULL, 'mahsah@gmail.com', '2017-06-23 01:18:28', 1, NULL),
(558, 4, 20000, NULL, 'estepa Bleh', NULL, NULL, NULL, NULL, NULL, '123456789', NULL, NULL, NULL, 'mahsah@gmail.com', '2017-06-23 01:18:28', 1, NULL),
(559, 4, 20000, NULL, 'estepa Bleh', NULL, NULL, NULL, NULL, NULL, '123456789', NULL, NULL, NULL, 'mahsah@gmail.com', '2017-06-23 01:18:28', 1, NULL),
(560, 4, 20000, NULL, 'estepa Bleh', NULL, NULL, NULL, NULL, NULL, '123456789', NULL, NULL, NULL, 'mahsah@gmail.com', '2017-06-23 01:18:28', 1, NULL),
(561, 4, 20000, NULL, 'estepa Bleh', NULL, NULL, NULL, NULL, NULL, '123456789', NULL, NULL, NULL, 'mahsah@gmail.com', '2017-06-23 01:18:28', 1, NULL),
(562, 4, 20000, NULL, 'estepa Bleh', NULL, NULL, NULL, NULL, NULL, '123456789', NULL, NULL, NULL, 'mahsah@gmail.com', '2017-06-23 01:18:28', 1, NULL),
(563, 4, 20000, NULL, 'estepa Bleh', NULL, NULL, NULL, NULL, NULL, '123456789', NULL, NULL, NULL, 'mahsah@gmail.com', '2017-06-23 01:18:28', 1, NULL),
(564, 4, 20000, NULL, 'estepa Bleh', NULL, NULL, NULL, NULL, NULL, '123456789', NULL, NULL, NULL, 'mahsah@gmail.com', '2017-06-23 01:18:28', 1, NULL),
(565, 4, 20000, NULL, 'estepa Bleh', NULL, NULL, NULL, NULL, NULL, '123456789', NULL, NULL, NULL, 'mahsah@gmail.com', '2017-06-23 01:18:28', 1, NULL),
(566, 4, 20000, NULL, 'estepa Bleh', NULL, NULL, NULL, NULL, NULL, '123456789', NULL, NULL, NULL, 'mahsah@gmail.com', '2017-06-23 01:18:28', 1, NULL),
(567, 4, 20000, NULL, 'estepa Bleh', NULL, NULL, NULL, NULL, NULL, '123456789', NULL, NULL, NULL, 'mahsah@gmail.com', '2017-06-23 01:18:28', 1, NULL),
(568, 4, 20000, NULL, 'estepa Bleh', NULL, NULL, NULL, NULL, NULL, '123456789', NULL, NULL, NULL, 'mahsah@gmail.com', '2017-06-23 01:18:28', 1, NULL),
(569, 4, 20000, NULL, 'estepa Bleh', NULL, NULL, NULL, NULL, NULL, '123456789', NULL, NULL, NULL, 'mahsah@gmail.com', '2017-06-23 01:18:28', 1, NULL),
(570, 4, 20000, NULL, 'estepa Bleh', NULL, NULL, NULL, NULL, NULL, '123456789', NULL, NULL, NULL, 'mahsah@gmail.com', '2017-06-23 01:18:28', 1, NULL),
(571, 4, 20000, NULL, 'estepa Bleh', NULL, NULL, NULL, NULL, NULL, '123456789', NULL, NULL, NULL, 'mahsah@gmail.com', '2017-06-23 01:18:28', 1, NULL),
(572, 4, 20000, NULL, 'estepa Bleh', NULL, NULL, NULL, NULL, NULL, '123456789', NULL, NULL, NULL, 'mahsah@gmail.com', '2017-06-23 01:18:28', 1, NULL),
(573, 4, 20000, NULL, 'estepa Bleh', NULL, NULL, NULL, NULL, NULL, '123456789', NULL, NULL, NULL, 'mahsah@gmail.com', '2017-06-23 01:18:28', 1, NULL),
(574, 4, 20000, NULL, 'estepa Bleh', NULL, NULL, NULL, NULL, NULL, '123456789', NULL, NULL, NULL, 'mahsah@gmail.com', '2017-06-23 01:18:28', 1, NULL),
(575, 4, 20000, NULL, 'estepa Bleh', NULL, NULL, NULL, NULL, NULL, '123456789', NULL, NULL, NULL, 'mahsah@gmail.com', '2017-06-23 01:18:28', 1, NULL),
(576, 4, 20000, NULL, 'estepa Bleh', NULL, NULL, NULL, NULL, NULL, '123456789', NULL, NULL, NULL, 'mahsah@gmail.com', '2017-06-23 01:18:28', 1, NULL),
(577, 4, 20000, NULL, 'estepa Bleh', NULL, NULL, NULL, NULL, NULL, '123456789', NULL, NULL, NULL, 'mahsah@gmail.com', '2017-06-23 01:18:28', 1, NULL),
(578, 4, 20000, NULL, 'estepa Bleh', NULL, NULL, NULL, NULL, NULL, '123456789', NULL, NULL, NULL, 'mahsah@gmail.com', '2017-06-23 01:18:28', 1, NULL),
(579, 4, 20000, NULL, 'estepa Bleh', NULL, NULL, NULL, NULL, NULL, '123456789', NULL, NULL, NULL, 'mahsah@gmail.com', '2017-06-23 01:18:28', 1, NULL),
(580, 4, 20000, NULL, 'estepa Bleh', NULL, NULL, NULL, NULL, NULL, '123456789', NULL, NULL, NULL, 'mahsah@gmail.com', '2017-06-23 01:18:28', 1, NULL),
(581, 4, 20000, NULL, 'estepa Bleh', NULL, NULL, NULL, NULL, NULL, '123456789', NULL, NULL, NULL, 'mahsah@gmail.com', '2017-06-23 01:18:28', 1, NULL),
(582, 4, 20000, NULL, 'estepa Bleh', NULL, NULL, NULL, NULL, NULL, '123456789', NULL, NULL, NULL, 'mahsah@gmail.com', '2017-06-23 01:18:28', 1, NULL),
(583, 4, 20000, NULL, 'estepa Bleh', NULL, NULL, NULL, NULL, NULL, '123456789', NULL, NULL, NULL, 'mahsah@gmail.com', '2017-06-23 01:18:28', 1, NULL),
(584, 4, 20000, NULL, 'estepa Bleh', NULL, NULL, NULL, NULL, NULL, '123456789', NULL, NULL, NULL, 'mahsah@gmail.com', '2017-06-23 01:18:28', 1, NULL),
(585, 4, 20000, NULL, 'estepa Bleh', NULL, NULL, NULL, NULL, NULL, '123456789', NULL, NULL, NULL, 'mahsah@gmail.com', '2017-06-23 01:18:28', 1, NULL),
(586, 4, 20000, NULL, 'estepa Bleh', NULL, NULL, NULL, NULL, NULL, '123456789', NULL, NULL, NULL, 'mahsah@gmail.com', '2017-06-23 01:18:28', 1, NULL),
(587, 4, 20000, NULL, 'estepa Bleh', NULL, NULL, NULL, NULL, NULL, '123456789', NULL, NULL, NULL, 'mahsah@gmail.com', '2017-06-23 01:18:28', 1, NULL),
(588, 4, 20000, NULL, 'estepa Bleh', NULL, NULL, NULL, NULL, NULL, '123456789', NULL, NULL, NULL, 'mahsah@gmail.com', '2017-06-23 01:18:28', 1, NULL),
(589, 4, 20000, NULL, 'estepa Bleh', NULL, NULL, NULL, NULL, NULL, '123456789', NULL, NULL, NULL, 'mahsah@gmail.com', '2017-06-23 01:18:28', 1, NULL),
(590, 4, 20000, NULL, 'estepa Bleh', NULL, NULL, NULL, NULL, NULL, '123456789', NULL, NULL, NULL, 'mahsah@gmail.com', '2017-06-23 01:18:28', 1, NULL),
(591, 4, 20000, NULL, 'estepa Bleh', NULL, NULL, NULL, NULL, NULL, '123456789', NULL, NULL, NULL, 'mahsah@gmail.com', '2017-06-23 01:18:28', 1, NULL),
(592, 4, 20000, NULL, 'estepa Bleh', NULL, NULL, NULL, NULL, NULL, '123456789', NULL, NULL, NULL, 'mahsah@gmail.com', '2017-06-23 01:18:28', 1, NULL),
(593, 4, 20000, NULL, 'estepa Bleh', NULL, NULL, NULL, NULL, NULL, '123456789', NULL, NULL, NULL, 'mahsah@gmail.com', '2017-06-23 01:18:28', 1, NULL),
(594, 4, 20000, NULL, 'estepa Bleh', NULL, NULL, NULL, NULL, NULL, '123456789', NULL, NULL, NULL, 'mahsah@gmail.com', '2017-06-23 01:18:28', 1, NULL),
(595, 4, 20000, NULL, 'estepa Bleh', NULL, NULL, NULL, NULL, NULL, '123456789', NULL, NULL, NULL, 'mahsah@gmail.com', '2017-06-23 01:18:28', 1, NULL),
(596, 4, 20000, NULL, 'estepa Bleh', NULL, NULL, NULL, NULL, NULL, '123456789', NULL, NULL, NULL, 'mahsah@gmail.com', '2017-06-23 01:18:28', 1, NULL),
(597, 4, 20000, NULL, 'estepa Bleh', NULL, NULL, NULL, NULL, NULL, '123456789', NULL, NULL, NULL, 'mahsah@gmail.com', '2017-06-23 01:18:28', 1, NULL),
(598, 4, 20000, NULL, 'estepa Bleh', NULL, NULL, NULL, NULL, NULL, '123456789', NULL, NULL, NULL, 'mahsah@gmail.com', '2017-06-23 01:18:28', 1, NULL),
(599, 4, 20000, NULL, 'estepa Bleh', NULL, NULL, NULL, NULL, NULL, '123456789', NULL, NULL, NULL, 'mahsah@gmail.com', '2017-06-23 01:18:28', 1, NULL),
(600, 4, 20000, NULL, 'estepa Bleh', NULL, NULL, NULL, NULL, NULL, '123456789', NULL, NULL, NULL, 'mahsah@gmail.com', '2017-06-23 01:18:28', 1, NULL),
(601, 4, 20000, NULL, 'estepa Bleh', NULL, NULL, NULL, NULL, NULL, '123456789', NULL, NULL, NULL, 'mahsah@gmail.com', '2017-06-23 01:18:28', 1, NULL),
(602, 4, 20000, NULL, 'estepa Bleh', NULL, NULL, NULL, NULL, NULL, '123456789', NULL, NULL, NULL, 'mahsah@gmail.com', '2017-06-23 01:18:28', 1, NULL),
(603, 4, 20000, NULL, 'estepa Bleh', NULL, NULL, NULL, NULL, NULL, '123456789', NULL, NULL, NULL, 'mahsah@gmail.com', '2017-06-23 01:18:28', 1, NULL),
(604, 4, 20000, NULL, 'estepa Bleh', NULL, NULL, NULL, NULL, NULL, '123456789', NULL, NULL, NULL, 'mahsah@gmail.com', '2017-06-23 01:18:28', 1, NULL),
(605, 4, 20000, NULL, 'estepa Bleh', NULL, NULL, NULL, NULL, NULL, '123456789', NULL, NULL, NULL, 'mahsah@gmail.com', '2017-06-23 01:18:28', 1, NULL),
(606, 4, 20000, NULL, 'estepa Bleh', NULL, NULL, NULL, NULL, NULL, '123456789', NULL, NULL, NULL, 'mahsah@gmail.com', '2017-06-23 01:18:28', 1, NULL),
(607, 4, 20000, NULL, 'estepa Bleh', NULL, NULL, NULL, NULL, NULL, '123456789', NULL, NULL, NULL, 'mahsah@gmail.com', '2017-06-23 01:18:28', 1, NULL),
(608, 4, 20000, NULL, 'estepa Bleh', NULL, NULL, NULL, NULL, NULL, '123456789', NULL, NULL, NULL, 'mahsah@gmail.com', '2017-06-23 01:18:28', 1, NULL),
(609, 4, 20000, NULL, 'estepa Bleh', NULL, NULL, NULL, NULL, NULL, '123456789', NULL, NULL, NULL, 'mahsah@gmail.com', '2017-06-23 01:18:28', 1, NULL),
(610, 4, 20000, NULL, 'estepa Bleh', NULL, NULL, NULL, NULL, NULL, '123456789', NULL, NULL, NULL, 'mahsah@gmail.com', '2017-06-23 01:18:28', 1, NULL),
(611, 4, 20000, NULL, 'estepa Bleh', NULL, NULL, NULL, NULL, NULL, '123456789', NULL, NULL, NULL, 'mahsah@gmail.com', '2017-06-23 01:18:28', 1, NULL),
(612, 4, 20000, NULL, 'estepa Bleh', NULL, NULL, NULL, NULL, NULL, '123456789', NULL, NULL, NULL, 'mahsah@gmail.com', '2017-06-23 01:18:28', 1, NULL),
(613, 4, 20000, NULL, 'estepa Bleh', NULL, NULL, NULL, NULL, NULL, '123456789', NULL, NULL, NULL, 'mahsah@gmail.com', '2017-06-23 01:18:28', 1, NULL),
(614, 4, 20000, NULL, 'estepa Bleh', NULL, NULL, NULL, NULL, NULL, '123456789', NULL, NULL, NULL, 'mahsah@gmail.com', '2017-06-23 01:18:28', 1, NULL),
(615, 4, 20000, NULL, 'estepa Bleh', NULL, NULL, NULL, NULL, NULL, '123456789', NULL, NULL, NULL, 'mahsah@gmail.com', '2017-06-23 01:18:28', 1, NULL),
(616, 4, 20000, NULL, 'estepa Bleh', NULL, NULL, NULL, NULL, NULL, '123456789', NULL, NULL, NULL, 'mahsah@gmail.com', '2017-06-23 01:18:28', 1, NULL),
(617, 4, 20000, NULL, 'estepa Bleh', NULL, NULL, NULL, NULL, NULL, '123456789', NULL, NULL, NULL, 'mahsah@gmail.com', '2017-06-23 01:18:28', 1, NULL),
(618, 4, 20000, NULL, 'estepa Bleh', NULL, NULL, NULL, NULL, NULL, '123456789', NULL, NULL, NULL, 'mahsah@gmail.com', '2017-06-23 01:18:28', 1, NULL),
(619, 4, 20000, NULL, 'estepa Bleh', NULL, NULL, NULL, NULL, NULL, '123456789', NULL, NULL, NULL, 'mahsah@gmail.com', '2017-06-23 01:18:28', 1, NULL),
(620, 4, 20000, NULL, 'estepa Bleh', NULL, NULL, NULL, NULL, NULL, '123456789', NULL, NULL, NULL, 'mahsah@gmail.com', '2017-06-23 01:18:28', 1, NULL),
(621, 4, 20000, NULL, 'estepa Bleh', NULL, NULL, NULL, NULL, NULL, '123456789', NULL, NULL, NULL, 'mahsah@gmail.com', '2017-06-23 01:18:28', 1, NULL),
(622, 4, 20000, NULL, 'estepa Bleh', NULL, NULL, NULL, NULL, NULL, '123456789', NULL, NULL, NULL, 'mahsah@gmail.com', '2017-06-23 01:18:28', 1, NULL),
(623, 4, 20000, NULL, 'estepa Bleh', NULL, NULL, NULL, NULL, NULL, '123456789', NULL, NULL, NULL, 'mahsah@gmail.com', '2017-06-23 01:18:28', 1, NULL),
(624, 4, 20000, NULL, 'estepa Bleh', NULL, NULL, NULL, NULL, NULL, '123456789', NULL, NULL, NULL, 'mahsah@gmail.com', '2017-06-23 01:18:28', 1, NULL),
(625, 4, 20000, NULL, 'estepa Bleh', NULL, NULL, NULL, NULL, NULL, '123456789', NULL, NULL, NULL, 'mahsah@gmail.com', '2017-06-23 01:18:28', 1, NULL),
(626, 4, 20000, NULL, 'estepa Bleh', NULL, NULL, NULL, NULL, NULL, '123456789', NULL, NULL, NULL, 'mahsah@gmail.com', '2017-06-23 01:18:28', 1, NULL),
(627, 4, 20000, NULL, 'estepa Bleh', NULL, NULL, NULL, NULL, NULL, '123456789', NULL, NULL, NULL, 'mahsah@gmail.com', '2017-06-23 01:18:28', 1, NULL),
(628, 4, 20000, NULL, 'estepa Bleh', NULL, NULL, NULL, NULL, NULL, '123456789', NULL, NULL, NULL, 'mahsah@gmail.com', '2017-06-23 01:18:28', 1, NULL),
(629, 4, 20000, NULL, 'estepa Bleh', NULL, NULL, NULL, NULL, NULL, '123456789', NULL, NULL, NULL, 'mahsah@gmail.com', '2017-06-23 01:18:28', 1, NULL),
(630, 4, 20000, NULL, 'estepa Bleh', NULL, NULL, NULL, NULL, NULL, '123456789', NULL, NULL, NULL, 'mahsah@gmail.com', '2017-06-23 01:18:28', 1, NULL),
(631, 4, 20000, NULL, 'estepa Bleh', NULL, NULL, NULL, NULL, NULL, '123456789', NULL, NULL, NULL, 'mahsah@gmail.com', '2017-06-23 01:18:28', 1, NULL),
(632, 4, 20000, NULL, 'estepa Bleh', NULL, NULL, NULL, NULL, NULL, '123456789', NULL, NULL, NULL, 'mahsah@gmail.com', '2017-06-23 01:18:28', 1, NULL),
(633, 4, 20000, NULL, 'estepa Bleh', NULL, NULL, NULL, NULL, NULL, '123456789', NULL, NULL, NULL, 'mahsah@gmail.com', '2017-06-23 01:18:28', 1, NULL),
(634, 4, 20000, NULL, 'estepa Bleh', NULL, NULL, NULL, NULL, NULL, '123456789', NULL, NULL, NULL, 'mahsah@gmail.com', '2017-06-23 01:18:28', 1, NULL),
(635, 4, 20000, NULL, 'estepa Bleh', NULL, NULL, NULL, NULL, NULL, '123456789', NULL, NULL, NULL, 'mahsah@gmail.com', '2017-06-23 01:18:28', 1, NULL),
(636, 4, 20000, NULL, 'estepa Bleh', NULL, NULL, NULL, NULL, NULL, '123456789', NULL, NULL, NULL, 'mahsah@gmail.com', '2017-06-23 01:18:28', 1, NULL),
(637, 4, 20000, NULL, 'estepa Bleh', NULL, NULL, NULL, NULL, NULL, '123456789', NULL, NULL, NULL, 'mahsah@gmail.com', '2017-06-23 01:18:28', 1, NULL),
(638, 4, 20000, NULL, 'estepa Bleh', NULL, NULL, NULL, NULL, NULL, '123456789', NULL, NULL, NULL, 'mahsah@gmail.com', '2017-06-23 01:18:28', 1, NULL),
(639, 4, 20000, NULL, 'estepa Bleh', NULL, NULL, NULL, NULL, NULL, '123456789', NULL, NULL, NULL, 'mahsah@gmail.com', '2017-06-23 01:18:28', 1, NULL),
(640, 4, 20000, NULL, 'estepa Bleh', NULL, NULL, NULL, NULL, NULL, '123456789', NULL, NULL, NULL, 'mahsah@gmail.com', '2017-06-23 01:18:28', 1, NULL),
(641, 4, 20000, NULL, 'estepa Bleh', NULL, NULL, NULL, NULL, NULL, '123456789', NULL, NULL, NULL, 'mahsah@gmail.com', '2017-06-23 01:18:28', 1, NULL),
(642, 4, 20000, NULL, 'estepa Bleh', NULL, NULL, NULL, NULL, NULL, '123456789', NULL, NULL, NULL, 'mahsah@gmail.com', '2017-06-23 01:18:28', 1, NULL),
(643, 4, 20000, NULL, 'estepa Bleh', NULL, NULL, NULL, NULL, NULL, '123456789', NULL, NULL, NULL, 'mahsah@gmail.com', '2017-06-23 01:18:28', 1, NULL),
(644, 4, 20000, NULL, 'estepa Bleh', NULL, NULL, NULL, NULL, NULL, '123456789', NULL, NULL, NULL, 'mahsah@gmail.com', '2017-06-23 01:18:28', 1, NULL),
(645, 4, 20000, NULL, 'estepa Bleh', NULL, NULL, NULL, NULL, NULL, '123456789', NULL, NULL, NULL, 'mahsah@gmail.com', '2017-06-23 01:18:28', 1, NULL),
(646, 4, 20000, NULL, 'estepa Bleh', NULL, NULL, NULL, NULL, NULL, '123456789', NULL, NULL, NULL, 'mahsah@gmail.com', '2017-06-23 01:18:28', 1, NULL),
(647, 4, 20000, NULL, 'estepa Bleh', NULL, NULL, NULL, NULL, NULL, '123456789', NULL, NULL, NULL, 'mahsah@gmail.com', '2017-06-23 01:18:28', 1, NULL),
(648, 4, 20000, NULL, 'estepa Bleh', NULL, NULL, NULL, NULL, NULL, '123456789', NULL, NULL, NULL, 'mahsah@gmail.com', '2017-06-23 01:18:28', 1, NULL),
(649, 4, 20000, NULL, 'estepa Bleh', NULL, NULL, NULL, NULL, NULL, '123456789', NULL, NULL, NULL, 'mahsah@gmail.com', '2017-06-23 01:18:28', 1, NULL),
(650, 4, 20000, NULL, 'estepa Bleh', NULL, NULL, NULL, NULL, NULL, '123456789', NULL, NULL, NULL, 'mahsah@gmail.com', '2017-06-23 01:18:28', 1, NULL),
(651, 4, 20000, NULL, 'estepa Bleh', NULL, NULL, NULL, NULL, NULL, '123456789', NULL, NULL, NULL, 'mahsah@gmail.com', '2017-06-23 01:18:28', 1, NULL),
(652, 4, 20000, NULL, 'estepa Bleh', NULL, NULL, NULL, NULL, NULL, '123456789', NULL, NULL, NULL, 'mahsah@gmail.com', '2017-06-23 01:18:28', 1, NULL),
(653, 4, 20000, NULL, 'estepa Bleh', NULL, NULL, NULL, NULL, NULL, '123456789', NULL, NULL, NULL, 'mahsah@gmail.com', '2017-06-23 01:18:28', 1, NULL),
(654, 4, 20000, NULL, 'estepa Bleh', NULL, NULL, NULL, NULL, NULL, '123456789', NULL, NULL, NULL, 'mahsah@gmail.com', '2017-06-23 01:18:28', 1, NULL),
(655, 4, 20000, NULL, 'estepa Bleh', NULL, NULL, NULL, NULL, NULL, '123456789', NULL, NULL, NULL, 'mahsah@gmail.com', '2017-06-23 01:18:28', 1, NULL),
(656, 4, 20000, NULL, 'estepa Bleh', NULL, NULL, NULL, NULL, NULL, '123456789', NULL, NULL, NULL, 'mahsah@gmail.com', '2017-06-23 01:18:28', 1, NULL),
(657, 4, 20000, NULL, 'estepa Bleh', NULL, NULL, NULL, NULL, NULL, '123456789', NULL, NULL, NULL, 'mahsah@gmail.com', '2017-06-23 01:18:28', 1, NULL),
(658, 4, 20000, NULL, 'estepa Bleh', NULL, NULL, NULL, NULL, NULL, '123456789', NULL, NULL, NULL, 'mahsah@gmail.com', '2017-06-23 01:18:28', 1, NULL),
(659, 4, 20000, NULL, 'estepa Bleh', NULL, NULL, NULL, NULL, NULL, '123456789', NULL, NULL, NULL, 'mahsah@gmail.com', '2017-06-23 01:18:28', 1, NULL),
(660, 4, 20000, NULL, 'estepa Bleh', NULL, NULL, NULL, NULL, NULL, '123456789', NULL, NULL, NULL, 'mahsah@gmail.com', '2017-06-23 01:18:28', 1, NULL),
(661, 4, 20000, NULL, 'estepa Bleh', NULL, NULL, NULL, NULL, NULL, '123456789', NULL, NULL, NULL, 'mahsah@gmail.com', '2017-06-23 01:18:28', 1, NULL),
(662, 4, 20000, NULL, 'estepa Bleh', NULL, NULL, NULL, NULL, NULL, '123456789', NULL, NULL, NULL, 'mahsah@gmail.com', '2017-06-23 01:18:28', 1, NULL),
(663, 4, 20000, NULL, 'estepa Bleh', NULL, NULL, NULL, NULL, NULL, '123456789', NULL, NULL, NULL, 'mahsah@gmail.com', '2017-06-23 01:18:28', 1, NULL),
(664, 4, 20000, NULL, 'estepa Bleh', NULL, NULL, NULL, NULL, NULL, '123456789', NULL, NULL, NULL, 'mahsah@gmail.com', '2017-06-23 01:18:28', 1, NULL),
(665, 4, 20000, NULL, 'estepa Bleh', NULL, NULL, NULL, NULL, NULL, '123456789', NULL, NULL, NULL, 'mahsah@gmail.com', '2017-06-23 01:18:28', 1, NULL),
(666, 4, 20000, NULL, 'estepa Bleh', NULL, NULL, NULL, NULL, NULL, '123456789', NULL, NULL, NULL, 'mahsah@gmail.com', '2017-06-23 01:18:28', 1, NULL),
(667, 4, 20000, NULL, 'estepa Bleh', NULL, NULL, NULL, NULL, NULL, '123456789', NULL, NULL, NULL, 'mahsah@gmail.com', '2017-06-23 01:18:28', 1, NULL);
INSERT INTO `orders` (`OrderID`, `OrderUserID`, `OrderAmount`, `OrderShipName`, `OrderShipAddress`, `OrderShipAddress2`, `OrderCity`, `OrderState`, `OrderZip`, `OrderCountry`, `OrderPhone`, `OrderFax`, `OrderShipping`, `OrderTax`, `OrderEmail`, `OrderDate`, `OrderShipped`, `OrderTrackingNumber`) VALUES
(668, 4, 20000, NULL, 'estepa Bleh', NULL, NULL, NULL, NULL, NULL, '123456789', NULL, NULL, NULL, 'mahsah@gmail.com', '2017-06-23 01:18:28', 1, NULL),
(669, 4, 20000, NULL, 'estepa Bleh', NULL, NULL, NULL, NULL, NULL, '123456789', NULL, NULL, NULL, 'mahsah@gmail.com', '2017-06-23 01:18:28', 1, NULL),
(670, 4, 20000, NULL, 'estepa Bleh', NULL, NULL, NULL, NULL, NULL, '123456789', NULL, NULL, NULL, 'mahsah@gmail.com', '2017-06-23 01:18:28', 1, NULL),
(671, 4, 20000, NULL, 'estepa Bleh', NULL, NULL, NULL, NULL, NULL, '123456789', NULL, NULL, NULL, 'mahsah@gmail.com', '2017-06-23 01:18:28', 1, NULL),
(672, 4, 20000, NULL, 'estepa Bleh', NULL, NULL, NULL, NULL, NULL, '123456789', NULL, NULL, NULL, 'mahsah@gmail.com', '2017-06-23 01:18:28', 1, NULL),
(673, 4, 20000, NULL, 'estepa Bleh', NULL, NULL, NULL, NULL, NULL, '123456789', NULL, NULL, NULL, 'mahsah@gmail.com', '2017-06-23 01:18:28', 1, NULL),
(674, 4, 20000, NULL, 'estepa Bleh', NULL, NULL, NULL, NULL, NULL, '123456789', NULL, NULL, NULL, 'mahsah@gmail.com', '2017-06-23 01:18:28', 1, NULL),
(675, 4, 20000, NULL, 'estepa Bleh', NULL, NULL, NULL, NULL, NULL, '123456789', NULL, NULL, NULL, 'mahsah@gmail.com', '2017-06-23 01:18:28', 1, NULL),
(676, 4, 20000, NULL, 'estepa Bleh', NULL, NULL, NULL, NULL, NULL, '123456789', NULL, NULL, NULL, 'mahsah@gmail.com', '2017-06-23 01:18:28', 1, NULL),
(677, 4, 20000, NULL, 'estepa Bleh', NULL, NULL, NULL, NULL, NULL, '123456789', NULL, NULL, NULL, 'mahsah@gmail.com', '2017-06-23 01:18:28', 1, NULL),
(678, 4, 20000, NULL, 'estepa Bleh', NULL, NULL, NULL, NULL, NULL, '123456789', NULL, NULL, NULL, 'mahsah@gmail.com', '2017-06-23 01:18:28', 1, NULL),
(679, 4, 20000, NULL, 'estepa Bleh', NULL, NULL, NULL, NULL, NULL, '123456789', NULL, NULL, NULL, 'mahsah@gmail.com', '2017-06-23 01:18:28', 1, NULL),
(680, 4, 20000, NULL, 'estepa Bleh', NULL, NULL, NULL, NULL, NULL, '123456789', NULL, NULL, NULL, 'mahsah@gmail.com', '2017-06-23 01:18:28', 1, NULL),
(681, 4, 20000, NULL, 'estepa Bleh', NULL, NULL, NULL, NULL, NULL, '123456789', NULL, NULL, NULL, 'mahsah@gmail.com', '2017-06-23 01:18:28', 1, NULL),
(682, 4, 20000, NULL, 'estepa Bleh', NULL, NULL, NULL, NULL, NULL, '123456789', NULL, NULL, NULL, 'mahsah@gmail.com', '2017-06-23 01:18:28', 1, NULL),
(683, 4, 20000, NULL, 'estepa Bleh', NULL, NULL, NULL, NULL, NULL, '123456789', NULL, NULL, NULL, 'mahsah@gmail.com', '2017-06-23 01:18:28', 1, NULL),
(684, 4, 20000, NULL, 'estepa Bleh', NULL, NULL, NULL, NULL, NULL, '123456789', NULL, NULL, NULL, 'mahsah@gmail.com', '2017-06-23 01:18:28', 1, NULL),
(685, 4, 20000, NULL, 'estepa Bleh', NULL, NULL, NULL, NULL, NULL, '123456789', NULL, NULL, NULL, 'mahsah@gmail.com', '2017-06-23 01:18:28', 1, NULL),
(686, 4, 20000, NULL, 'estepa Bleh', NULL, NULL, NULL, NULL, NULL, '123456789', NULL, NULL, NULL, 'mahsah@gmail.com', '2017-06-23 01:18:28', 1, NULL),
(687, 4, 20000, NULL, 'estepa Bleh', NULL, NULL, NULL, NULL, NULL, '123456789', NULL, NULL, NULL, 'mahsah@gmail.com', '2017-06-23 01:18:28', 1, NULL),
(688, 4, 20000, NULL, 'estepa Bleh', NULL, NULL, NULL, NULL, NULL, '123456789', NULL, NULL, NULL, 'mahsah@gmail.com', '2017-06-23 01:18:28', 1, NULL),
(689, 4, 20000, NULL, 'estepa Bleh', NULL, NULL, NULL, NULL, NULL, '123456789', NULL, NULL, NULL, 'mahsah@gmail.com', '2017-06-23 01:18:28', 1, NULL),
(690, 4, 20000, NULL, 'estepa Bleh', NULL, NULL, NULL, NULL, NULL, '123456789', NULL, NULL, NULL, 'mahsah@gmail.com', '2017-06-23 01:18:28', 1, NULL),
(691, 4, 20000, NULL, 'estepa Bleh', NULL, NULL, NULL, NULL, NULL, '123456789', NULL, NULL, NULL, 'mahsah@gmail.com', '2017-06-23 01:18:28', 1, NULL),
(692, 4, 20000, NULL, 'estepa Bleh', NULL, NULL, NULL, NULL, NULL, '123456789', NULL, NULL, NULL, 'mahsah@gmail.com', '2017-06-23 01:18:28', 1, NULL),
(693, 4, 20000, NULL, 'estepa Bleh', NULL, NULL, NULL, NULL, NULL, '123456789', NULL, NULL, NULL, 'mahsah@gmail.com', '2017-06-23 01:18:28', 1, NULL),
(694, 4, 20000, NULL, 'estepa Bleh', NULL, NULL, NULL, NULL, NULL, '123456789', NULL, NULL, NULL, 'mahsah@gmail.com', '2017-06-23 01:18:28', 1, NULL),
(695, 4, 20000, NULL, 'estepa Bleh', NULL, NULL, NULL, NULL, NULL, '123456789', NULL, NULL, NULL, 'mahsah@gmail.com', '2017-06-23 01:18:28', 1, NULL),
(696, 4, 20000, NULL, 'estepa Bleh', NULL, NULL, NULL, NULL, NULL, '123456789', NULL, NULL, NULL, 'mahsah@gmail.com', '2017-06-23 01:18:28', 1, NULL),
(697, 4, 20000, NULL, 'estepa Bleh', NULL, NULL, NULL, NULL, NULL, '123456789', NULL, NULL, NULL, 'mahsah@gmail.com', '2017-06-23 01:18:28', 1, NULL),
(698, 4, 20000, NULL, 'estepa Bleh', NULL, NULL, NULL, NULL, NULL, '123456789', NULL, NULL, NULL, 'mahsah@gmail.com', '2017-06-23 01:18:28', 1, NULL),
(699, 4, 20000, NULL, 'estepa Bleh', NULL, NULL, NULL, NULL, NULL, '123456789', NULL, NULL, NULL, 'mahsah@gmail.com', '2017-06-23 01:18:28', 1, NULL),
(700, 4, 20000, NULL, 'estepa Bleh', NULL, NULL, NULL, NULL, NULL, '123456789', NULL, NULL, NULL, 'mahsah@gmail.com', '2017-06-23 01:18:28', 1, NULL),
(701, 4, 20000, NULL, 'estepa Bleh', NULL, NULL, NULL, NULL, NULL, '123456789', NULL, NULL, NULL, 'mahsah@gmail.com', '2017-06-23 01:18:28', 1, NULL),
(702, 4, 20000, NULL, 'estepa Bleh', NULL, NULL, NULL, NULL, NULL, '123456789', NULL, NULL, NULL, 'mahsah@gmail.com', '2017-06-23 01:18:28', 1, NULL),
(703, 4, 20000, NULL, 'estepa Bleh', NULL, NULL, NULL, NULL, NULL, '123456789', NULL, NULL, NULL, 'mahsah@gmail.com', '2017-06-23 01:18:28', 1, NULL),
(704, 4, 20000, NULL, 'estepa Bleh', NULL, NULL, NULL, NULL, NULL, '123456789', NULL, NULL, NULL, 'mahsah@gmail.com', '2017-06-23 01:18:28', 1, NULL),
(705, 4, 20000, NULL, 'estepa Bleh', NULL, NULL, NULL, NULL, NULL, '123456789', NULL, NULL, NULL, 'mahsah@gmail.com', '2017-06-23 01:18:28', 1, NULL),
(706, 4, 20000, NULL, 'estepa Bleh', NULL, NULL, NULL, NULL, NULL, '123456789', NULL, NULL, NULL, 'mahsah@gmail.com', '2017-06-23 01:18:28', 1, NULL),
(707, 4, 20000, NULL, 'estepa Bleh', NULL, NULL, NULL, NULL, NULL, '123456789', NULL, NULL, NULL, 'mahsah@gmail.com', '2017-06-23 01:18:28', 1, NULL),
(708, 4, 20000, NULL, 'estepa Bleh', NULL, NULL, NULL, NULL, NULL, '123456789', NULL, NULL, NULL, 'mahsah@gmail.com', '2017-06-23 01:18:28', 1, NULL),
(709, 4, 20000, NULL, 'estepa Bleh', NULL, NULL, NULL, NULL, NULL, '123456789', NULL, NULL, NULL, 'mahsah@gmail.com', '2017-06-23 01:18:28', 1, NULL),
(710, 4, 20000, NULL, 'estepa Bleh', NULL, NULL, NULL, NULL, NULL, '123456789', NULL, NULL, NULL, 'mahsah@gmail.com', '2017-06-23 01:18:28', 1, NULL),
(711, 4, 20000, NULL, 'estepa Bleh', NULL, NULL, NULL, NULL, NULL, '123456789', NULL, NULL, NULL, 'mahsah@gmail.com', '2017-06-23 01:18:28', 1, NULL),
(712, 4, 20000, NULL, 'estepa Bleh', NULL, NULL, NULL, NULL, NULL, '123456789', NULL, NULL, NULL, 'mahsah@gmail.com', '2017-06-23 01:18:28', 1, NULL),
(713, 4, 20000, NULL, 'estepa Bleh', NULL, NULL, NULL, NULL, NULL, '123456789', NULL, NULL, NULL, 'mahsah@gmail.com', '2017-06-23 01:18:28', 1, NULL),
(714, 4, 20000, NULL, 'estepa Bleh', NULL, NULL, NULL, NULL, NULL, '123456789', NULL, NULL, NULL, 'mahsah@gmail.com', '2017-06-23 01:18:28', 1, NULL),
(715, 4, 20000, NULL, 'estepa Bleh', NULL, NULL, NULL, NULL, NULL, '123456789', NULL, NULL, NULL, 'mahsah@gmail.com', '2017-06-23 01:18:28', 1, NULL),
(716, 4, 20000, NULL, 'estepa Bleh', NULL, NULL, NULL, NULL, NULL, '123456789', NULL, NULL, NULL, 'mahsah@gmail.com', '2017-06-23 01:18:28', 1, NULL),
(717, 4, 20000, NULL, 'estepa Bleh', NULL, NULL, NULL, NULL, NULL, '123456789', NULL, NULL, NULL, 'mahsah@gmail.com', '2017-06-23 01:18:28', 1, NULL),
(718, 4, 20000, NULL, 'estepa Bleh', NULL, NULL, NULL, NULL, NULL, '123456789', NULL, NULL, NULL, 'mahsah@gmail.com', '2017-06-23 01:18:28', 1, NULL),
(719, 4, 20000, NULL, 'estepa Bleh', NULL, NULL, NULL, NULL, NULL, '123456789', NULL, NULL, NULL, 'mahsah@gmail.com', '2017-06-23 01:18:28', 1, NULL),
(720, 4, 20000, NULL, 'estepa Bleh', NULL, NULL, NULL, NULL, NULL, '123456789', NULL, NULL, NULL, 'mahsah@gmail.com', '2017-06-23 01:18:28', 1, NULL),
(721, 4, 20000, NULL, 'estepa Bleh', NULL, NULL, NULL, NULL, NULL, '123456789', NULL, NULL, NULL, 'mahsah@gmail.com', '2017-06-23 01:18:28', 1, NULL),
(722, 4, 20000, NULL, 'estepa Bleh', NULL, NULL, NULL, NULL, NULL, '123456789', NULL, NULL, NULL, 'mahsah@gmail.com', '2017-06-23 01:18:28', 1, NULL),
(723, 4, 20000, NULL, 'estepa Bleh', NULL, NULL, NULL, NULL, NULL, '123456789', NULL, NULL, NULL, 'mahsah@gmail.com', '2017-06-23 01:18:28', 1, NULL),
(724, 4, 20000, NULL, 'estepa Bleh', NULL, NULL, NULL, NULL, NULL, '123456789', NULL, NULL, NULL, 'mahsah@gmail.com', '2017-06-23 01:18:28', 1, NULL),
(725, 4, 20000, NULL, 'estepa Bleh', NULL, NULL, NULL, NULL, NULL, '123456789', NULL, NULL, NULL, 'mahsah@gmail.com', '2017-06-23 01:18:28', 1, NULL),
(726, 4, 20000, NULL, 'estepa Bleh', NULL, NULL, NULL, NULL, NULL, '123456789', NULL, NULL, NULL, 'mahsah@gmail.com', '2017-06-23 01:18:28', 1, NULL),
(727, 4, 20000, NULL, 'estepa Bleh', NULL, NULL, NULL, NULL, NULL, '123456789', NULL, NULL, NULL, 'mahsah@gmail.com', '2017-06-23 01:18:28', 1, NULL),
(728, 4, 20000, NULL, 'estepa Bleh', NULL, NULL, NULL, NULL, NULL, '123456789', NULL, NULL, NULL, 'mahsah@gmail.com', '2017-06-23 01:18:28', 1, NULL),
(729, 4, 20000, NULL, 'estepa Bleh', NULL, NULL, NULL, NULL, NULL, '123456789', NULL, NULL, NULL, 'mahsah@gmail.com', '2017-06-23 01:18:28', 1, NULL),
(730, 4, 20000, NULL, 'estepa Bleh', NULL, NULL, NULL, NULL, NULL, '123456789', NULL, NULL, NULL, 'mahsah@gmail.com', '2017-06-23 01:18:28', 1, NULL),
(731, 4, 20000, NULL, 'estepa Bleh', NULL, NULL, NULL, NULL, NULL, '123456789', NULL, NULL, NULL, 'mahsah@gmail.com', '2017-06-23 01:18:28', 1, NULL),
(732, 4, 20000, NULL, 'estepa Bleh', NULL, NULL, NULL, NULL, NULL, '123456789', NULL, NULL, NULL, 'mahsah@gmail.com', '2017-06-23 01:18:28', 1, NULL),
(733, 4, 20000, NULL, 'estepa Bleh', NULL, NULL, NULL, NULL, NULL, '123456789', NULL, NULL, NULL, 'mahsah@gmail.com', '2017-06-23 01:18:28', 1, NULL),
(734, 4, 20000, NULL, 'estepa Bleh', NULL, NULL, NULL, NULL, NULL, '123456789', NULL, NULL, NULL, 'mahsah@gmail.com', '2017-06-23 01:18:28', 1, NULL),
(735, 4, 20000, NULL, 'estepa Bleh', NULL, NULL, NULL, NULL, NULL, '123456789', NULL, NULL, NULL, 'mahsah@gmail.com', '2017-06-23 01:18:28', 1, NULL),
(736, 4, 20000, NULL, 'estepa Bleh', NULL, NULL, NULL, NULL, NULL, '123456789', NULL, NULL, NULL, 'mahsah@gmail.com', '2017-06-23 01:18:28', 1, NULL),
(737, 4, 20000, NULL, 'estepa Bleh', NULL, NULL, NULL, NULL, NULL, '123456789', NULL, NULL, NULL, 'mahsah@gmail.com', '2017-06-23 01:18:28', 1, NULL),
(738, 4, 20000, NULL, 'estepa Bleh', NULL, NULL, NULL, NULL, NULL, '123456789', NULL, NULL, NULL, 'mahsah@gmail.com', '2017-06-23 01:18:28', 1, NULL),
(739, 4, 20000, NULL, 'estepa Bleh', NULL, NULL, NULL, NULL, NULL, '123456789', NULL, NULL, NULL, 'mahsah@gmail.com', '2017-06-23 01:18:28', 1, NULL),
(740, 4, 20000, NULL, 'estepa Bleh', NULL, NULL, NULL, NULL, NULL, '123456789', NULL, NULL, NULL, 'mahsah@gmail.com', '2017-06-23 01:18:28', 1, NULL),
(741, 4, 20000, NULL, 'estepa Bleh', NULL, NULL, NULL, NULL, NULL, '123456789', NULL, NULL, NULL, 'mahsah@gmail.com', '2017-06-23 01:18:28', 1, NULL),
(742, 4, 20000, NULL, 'estepa Bleh', NULL, NULL, NULL, NULL, NULL, '123456789', NULL, NULL, NULL, 'mahsah@gmail.com', '2017-06-23 01:18:28', 1, NULL),
(743, 4, 20000, NULL, 'estepa Bleh', NULL, NULL, NULL, NULL, NULL, '123456789', NULL, NULL, NULL, 'mahsah@gmail.com', '2017-06-23 01:18:28', 1, NULL),
(744, 4, 20000, NULL, 'estepa Bleh', NULL, NULL, NULL, NULL, NULL, '123456789', NULL, NULL, NULL, 'mahsah@gmail.com', '2017-06-23 01:18:28', 1, NULL),
(745, 4, 20000, NULL, 'estepa Bleh', NULL, NULL, NULL, NULL, NULL, '123456789', NULL, NULL, NULL, 'mahsah@gmail.com', '2017-06-23 01:18:28', 1, NULL),
(746, 4, 20000, NULL, 'estepa Bleh', NULL, NULL, NULL, NULL, NULL, '123456789', NULL, NULL, NULL, 'mahsah@gmail.com', '2017-06-23 01:18:28', 1, NULL),
(747, 4, 20000, NULL, 'estepa Bleh', NULL, NULL, NULL, NULL, NULL, '123456789', NULL, NULL, NULL, 'mahsah@gmail.com', '2017-06-23 01:18:28', 1, NULL),
(748, 4, 20000, NULL, 'estepa Bleh', NULL, NULL, NULL, NULL, NULL, '123456789', NULL, NULL, NULL, 'mahsah@gmail.com', '2017-06-23 01:18:28', 1, NULL),
(749, 4, 20000, NULL, 'estepa Bleh', NULL, NULL, NULL, NULL, NULL, '123456789', NULL, NULL, NULL, 'mahsah@gmail.com', '2017-06-23 01:18:28', 1, NULL),
(750, 4, 20000, NULL, 'estepa Bleh', NULL, NULL, NULL, NULL, NULL, '123456789', NULL, NULL, NULL, 'mahsah@gmail.com', '2017-06-23 01:18:28', 1, NULL),
(751, 4, 20000, NULL, 'estepa Bleh', NULL, NULL, NULL, NULL, NULL, '123456789', NULL, NULL, NULL, 'mahsah@gmail.com', '2017-06-23 01:18:28', 1, NULL),
(752, 4, 20000, NULL, 'estepa Bleh', NULL, NULL, NULL, NULL, NULL, '123456789', NULL, NULL, NULL, 'mahsah@gmail.com', '2017-06-23 01:18:28', 1, NULL),
(753, 4, 20000, NULL, 'estepa Bleh', NULL, NULL, NULL, NULL, NULL, '123456789', NULL, NULL, NULL, 'mahsah@gmail.com', '2017-06-23 01:18:28', 1, NULL),
(754, 4, 20000, NULL, 'estepa Bleh', NULL, NULL, NULL, NULL, NULL, '123456789', NULL, NULL, NULL, 'mahsah@gmail.com', '2017-06-23 01:18:28', 1, NULL),
(755, 4, 20000, NULL, 'estepa Bleh', NULL, NULL, NULL, NULL, NULL, '123456789', NULL, NULL, NULL, 'mahsah@gmail.com', '2017-06-23 01:18:28', 1, NULL),
(756, 4, 20000, NULL, 'estepa Bleh', NULL, NULL, NULL, NULL, NULL, '123456789', NULL, NULL, NULL, 'mahsah@gmail.com', '2017-06-23 01:18:28', 1, NULL),
(757, 4, 20000, NULL, 'estepa Bleh', NULL, NULL, NULL, NULL, NULL, '123456789', NULL, NULL, NULL, 'mahsah@gmail.com', '2017-06-23 01:18:28', 1, NULL),
(758, 4, 20000, NULL, 'estepa Bleh', NULL, NULL, NULL, NULL, NULL, '123456789', NULL, NULL, NULL, 'mahsah@gmail.com', '2017-06-23 01:18:28', 1, NULL),
(759, 4, 20000, NULL, 'estepa Bleh', NULL, NULL, NULL, NULL, NULL, '123456789', NULL, NULL, NULL, 'mahsah@gmail.com', '2017-06-23 01:18:28', 1, NULL),
(760, 4, 20000, NULL, 'estepa Bleh', NULL, NULL, NULL, NULL, NULL, '123456789', NULL, NULL, NULL, 'mahsah@gmail.com', '2017-06-23 01:18:28', 1, NULL),
(761, 4, 20000, NULL, 'estepa Bleh', NULL, NULL, NULL, NULL, NULL, '123456789', NULL, NULL, NULL, 'mahsah@gmail.com', '2017-06-23 01:18:28', 1, NULL),
(762, 4, 20000, NULL, 'estepa Bleh', NULL, NULL, NULL, NULL, NULL, '123456789', NULL, NULL, NULL, 'mahsah@gmail.com', '2017-06-23 01:18:28', 1, NULL),
(763, 4, 20000, NULL, 'estepa Bleh', NULL, NULL, NULL, NULL, NULL, '123456789', NULL, NULL, NULL, 'mahsah@gmail.com', '2017-06-23 01:18:28', 1, NULL),
(764, 4, 20000, NULL, 'estepa Bleh', NULL, NULL, NULL, NULL, NULL, '123456789', NULL, NULL, NULL, 'mahsah@gmail.com', '2017-06-23 01:18:28', 1, NULL),
(765, 4, 20000, NULL, 'estepa Bleh', NULL, NULL, NULL, NULL, NULL, '123456789', NULL, NULL, NULL, 'mahsah@gmail.com', '2017-06-23 01:18:28', 1, NULL),
(766, 4, 20000, NULL, 'estepa Bleh', NULL, NULL, NULL, NULL, NULL, '123456789', NULL, NULL, NULL, 'mahsah@gmail.com', '2017-06-23 01:18:28', 1, NULL),
(767, 4, 20000, NULL, 'estepa Bleh', NULL, NULL, NULL, NULL, NULL, '123456789', NULL, NULL, NULL, 'mahsah@gmail.com', '2017-06-23 01:18:28', 1, NULL),
(768, 4, 20000, NULL, 'estepa Bleh', NULL, NULL, NULL, NULL, NULL, '123456789', NULL, NULL, NULL, 'mahsah@gmail.com', '2017-06-23 01:18:28', 1, NULL),
(769, 4, 20000, NULL, 'estepa Bleh', NULL, NULL, NULL, NULL, NULL, '123456789', NULL, NULL, NULL, 'mahsah@gmail.com', '2017-06-23 01:18:28', 1, NULL),
(770, 4, 20000, NULL, 'estepa Bleh', NULL, NULL, NULL, NULL, NULL, '123456789', NULL, NULL, NULL, 'mahsah@gmail.com', '2017-06-23 01:18:28', 1, NULL),
(771, 4, 20000, NULL, 'estepa Bleh', NULL, NULL, NULL, NULL, NULL, '123456789', NULL, NULL, NULL, 'mahsah@gmail.com', '2017-06-23 01:18:28', 1, NULL),
(772, 4, 20000, NULL, 'estepa Bleh', NULL, NULL, NULL, NULL, NULL, '123456789', NULL, NULL, NULL, 'mahsah@gmail.com', '2017-06-23 01:18:28', 1, NULL),
(773, 4, 20000, NULL, 'estepa Bleh', NULL, NULL, NULL, NULL, NULL, '123456789', NULL, NULL, NULL, 'mahsah@gmail.com', '2017-06-23 01:18:28', 1, NULL),
(774, 4, 20000, NULL, 'estepa Bleh', NULL, NULL, NULL, NULL, NULL, '123456789', NULL, NULL, NULL, 'mahsah@gmail.com', '2017-06-23 01:18:28', 1, NULL),
(775, 4, 20000, NULL, 'estepa Bleh', NULL, NULL, NULL, NULL, NULL, '123456789', NULL, NULL, NULL, 'mahsah@gmail.com', '2017-06-23 01:18:28', 1, NULL),
(776, 4, 20000, NULL, 'estepa Bleh', NULL, NULL, NULL, NULL, NULL, '123456789', NULL, NULL, NULL, 'mahsah@gmail.com', '2017-06-23 01:18:28', 1, NULL),
(777, 4, 20000, NULL, 'estepa Bleh', NULL, NULL, NULL, NULL, NULL, '123456789', NULL, NULL, NULL, 'mahsah@gmail.com', '2017-06-23 01:18:28', 1, NULL),
(778, 4, 20000, NULL, 'estepa Bleh', NULL, NULL, NULL, NULL, NULL, '123456789', NULL, NULL, NULL, 'mahsah@gmail.com', '2017-06-23 01:18:28', 1, NULL),
(779, 4, 20000, NULL, 'estepa Bleh', NULL, NULL, NULL, NULL, NULL, '123456789', NULL, NULL, NULL, 'mahsah@gmail.com', '2017-06-23 01:18:28', 1, NULL),
(780, 4, 20000, NULL, 'estepa Bleh', NULL, NULL, NULL, NULL, NULL, '123456789', NULL, NULL, NULL, 'mahsah@gmail.com', '2017-06-23 01:18:28', 1, NULL),
(781, 4, 20000, NULL, 'estepa Bleh', NULL, NULL, NULL, NULL, NULL, '123456789', NULL, NULL, NULL, 'mahsah@gmail.com', '2017-06-23 01:18:28', 1, NULL),
(782, 4, 20000, NULL, 'estepa Bleh', NULL, NULL, NULL, NULL, NULL, '123456789', NULL, NULL, NULL, 'mahsah@gmail.com', '2017-06-23 01:18:28', 1, NULL),
(783, 4, 20000, NULL, 'estepa Bleh', NULL, NULL, NULL, NULL, NULL, '123456789', NULL, NULL, NULL, 'mahsah@gmail.com', '2017-06-23 01:18:28', 1, NULL),
(784, 4, 20000, NULL, 'estepa Bleh', NULL, NULL, NULL, NULL, NULL, '123456789', NULL, NULL, NULL, 'mahsah@gmail.com', '2017-06-23 01:18:28', 1, NULL),
(785, 4, 20000, NULL, 'estepa Bleh', NULL, NULL, NULL, NULL, NULL, '123456789', NULL, NULL, NULL, 'mahsah@gmail.com', '2017-06-23 01:18:28', 1, NULL),
(786, 4, 20000, NULL, 'estepa Bleh', NULL, NULL, NULL, NULL, NULL, '123456789', NULL, NULL, NULL, 'mahsah@gmail.com', '2017-06-23 01:18:28', 1, NULL),
(787, 4, 20000, NULL, 'estepa Bleh', NULL, NULL, NULL, NULL, NULL, '123456789', NULL, NULL, NULL, 'mahsah@gmail.com', '2017-06-23 01:18:28', 1, NULL),
(788, 4, 20000, NULL, 'estepa Bleh', NULL, NULL, NULL, NULL, NULL, '123456789', NULL, NULL, NULL, 'mahsah@gmail.com', '2017-06-23 01:18:28', 1, NULL),
(789, 4, 20000, NULL, 'estepa Bleh', NULL, NULL, NULL, NULL, NULL, '123456789', NULL, NULL, NULL, 'mahsah@gmail.com', '2017-06-23 01:18:28', 1, NULL),
(790, 4, 20000, NULL, 'estepa Bleh', NULL, NULL, NULL, NULL, NULL, '123456789', NULL, NULL, NULL, 'mahsah@gmail.com', '2017-06-23 01:18:28', 1, NULL),
(791, 4, 20000, NULL, 'estepa Bleh', NULL, NULL, NULL, NULL, NULL, '123456789', NULL, NULL, NULL, 'mahsah@gmail.com', '2017-06-23 01:18:28', 1, NULL),
(792, 4, 20000, NULL, 'estepa Bleh', NULL, NULL, NULL, NULL, NULL, '123456789', NULL, NULL, NULL, 'mahsah@gmail.com', '2017-06-23 01:18:28', 1, NULL),
(793, 4, 20000, NULL, 'estepa Bleh', NULL, NULL, NULL, NULL, NULL, '123456789', NULL, NULL, NULL, 'mahsah@gmail.com', '2017-06-23 01:18:28', 1, NULL),
(794, 4, 20000, NULL, 'estepa Bleh', NULL, NULL, NULL, NULL, NULL, '123456789', NULL, NULL, NULL, 'mahsah@gmail.com', '2017-06-23 01:18:28', 1, NULL),
(795, 4, 20000, NULL, 'estepa Bleh', NULL, NULL, NULL, NULL, NULL, '123456789', NULL, NULL, NULL, 'mahsah@gmail.com', '2017-06-23 01:18:28', 1, NULL),
(796, 4, 20000, NULL, 'estepa Bleh', NULL, NULL, NULL, NULL, NULL, '123456789', NULL, NULL, NULL, 'mahsah@gmail.com', '2017-06-23 01:18:28', 1, NULL),
(797, 4, 20000, NULL, 'estepa Bleh', NULL, NULL, NULL, NULL, NULL, '123456789', NULL, NULL, NULL, 'mahsah@gmail.com', '2017-06-23 01:18:28', 1, NULL),
(798, 4, 20000, NULL, 'estepa Bleh', NULL, NULL, NULL, NULL, NULL, '123456789', NULL, NULL, NULL, 'mahsah@gmail.com', '2017-06-23 01:18:28', 1, NULL),
(799, 4, 20000, NULL, 'estepa Bleh', NULL, NULL, NULL, NULL, NULL, '123456789', NULL, NULL, NULL, 'mahsah@gmail.com', '2017-06-23 01:18:28', 1, NULL),
(800, 4, 20000, NULL, 'estepa Bleh', NULL, NULL, NULL, NULL, NULL, '123456789', NULL, NULL, NULL, 'mahsah@gmail.com', '2017-06-23 01:18:28', 1, NULL),
(801, 4, 20000, NULL, 'estepa Bleh', NULL, NULL, NULL, NULL, NULL, '123456789', NULL, NULL, NULL, 'mahsah@gmail.com', '2017-06-23 01:18:28', 1, NULL),
(802, 4, 20000, NULL, 'estepa Bleh', NULL, NULL, NULL, NULL, NULL, '123456789', NULL, NULL, NULL, 'mahsah@gmail.com', '2017-06-23 01:18:28', 1, NULL),
(803, 4, 20000, NULL, 'estepa Bleh', NULL, NULL, NULL, NULL, NULL, '123456789', NULL, NULL, NULL, 'mahsah@gmail.com', '2017-06-23 01:18:28', 1, NULL),
(804, 4, 20000, NULL, 'estepa Bleh', NULL, NULL, NULL, NULL, NULL, '123456789', NULL, NULL, NULL, 'mahsah@gmail.com', '2017-06-23 01:18:28', 1, NULL),
(805, 4, 20000, NULL, 'estepa Bleh', NULL, NULL, NULL, NULL, NULL, '123456789', NULL, NULL, NULL, 'mahsah@gmail.com', '2017-06-23 01:18:28', 1, NULL),
(806, 4, 20000, NULL, 'estepa Bleh', NULL, NULL, NULL, NULL, NULL, '123456789', NULL, NULL, NULL, 'mahsah@gmail.com', '2017-06-23 01:18:28', 1, NULL),
(807, 4, 20000, NULL, 'estepa Bleh', NULL, NULL, NULL, NULL, NULL, '123456789', NULL, NULL, NULL, 'mahsah@gmail.com', '2017-06-23 01:18:28', 1, NULL),
(808, 4, 20000, NULL, 'estepa Bleh', NULL, NULL, NULL, NULL, NULL, '123456789', NULL, NULL, NULL, 'mahsah@gmail.com', '2017-06-23 01:18:28', 1, NULL),
(809, 4, 20000, NULL, 'estepa Bleh', NULL, NULL, NULL, NULL, NULL, '123456789', NULL, NULL, NULL, 'mahsah@gmail.com', '2017-06-23 01:18:28', 1, NULL),
(810, 4, 20000, NULL, 'estepa Bleh', NULL, NULL, NULL, NULL, NULL, '123456789', NULL, NULL, NULL, 'mahsah@gmail.com', '2017-06-23 01:18:28', 1, NULL),
(811, 4, 20000, NULL, 'estepa Bleh', NULL, NULL, NULL, NULL, NULL, '123456789', NULL, NULL, NULL, 'mahsah@gmail.com', '2017-06-23 01:18:28', 1, NULL),
(812, 4, 20000, NULL, 'estepa Bleh', NULL, NULL, NULL, NULL, NULL, '123456789', NULL, NULL, NULL, 'mahsah@gmail.com', '2017-06-23 01:18:28', 1, NULL),
(813, 4, 20000, NULL, 'estepa Bleh', NULL, NULL, NULL, NULL, NULL, '123456789', NULL, NULL, NULL, 'mahsah@gmail.com', '2017-06-23 01:18:28', 1, NULL),
(814, 4, 20000, NULL, 'estepa Bleh', NULL, NULL, NULL, NULL, NULL, '123456789', NULL, NULL, NULL, 'mahsah@gmail.com', '2017-06-23 01:18:28', 1, NULL),
(815, 4, 20000, NULL, 'estepa Bleh', NULL, NULL, NULL, NULL, NULL, '123456789', NULL, NULL, NULL, 'mahsah@gmail.com', '2017-06-23 01:18:28', 1, NULL),
(816, 4, 20000, NULL, 'estepa Bleh', NULL, NULL, NULL, NULL, NULL, '123456789', NULL, NULL, NULL, 'mahsah@gmail.com', '2017-06-23 01:18:28', 1, NULL),
(817, 4, 20000, NULL, 'estepa Bleh', NULL, NULL, NULL, NULL, NULL, '123456789', NULL, NULL, NULL, 'mahsah@gmail.com', '2017-06-23 01:18:28', 1, NULL),
(818, 4, 20000, NULL, 'estepa Bleh', NULL, NULL, NULL, NULL, NULL, '123456789', NULL, NULL, NULL, 'mahsah@gmail.com', '2017-06-23 01:18:28', 1, NULL),
(819, 4, 20000, NULL, 'estepa Bleh', NULL, NULL, NULL, NULL, NULL, '123456789', NULL, NULL, NULL, 'mahsah@gmail.com', '2017-06-23 01:18:28', 1, NULL),
(820, 4, 20000, NULL, 'estepa Bleh', NULL, NULL, NULL, NULL, NULL, '123456789', NULL, NULL, NULL, 'mahsah@gmail.com', '2017-06-23 01:18:28', 1, NULL),
(821, 4, 20000, NULL, 'estepa Bleh', NULL, NULL, NULL, NULL, NULL, '123456789', NULL, NULL, NULL, 'mahsah@gmail.com', '2017-06-23 01:18:28', 1, NULL),
(822, 4, 20000, NULL, 'estepa Bleh', NULL, NULL, NULL, NULL, NULL, '123456789', NULL, NULL, NULL, 'mahsah@gmail.com', '2017-06-23 01:18:28', 1, NULL),
(823, 4, 20000, NULL, 'estepa Bleh', NULL, NULL, NULL, NULL, NULL, '123456789', NULL, NULL, NULL, 'mahsah@gmail.com', '2017-06-23 01:18:28', 1, NULL),
(824, 4, 20000, NULL, 'estepa Bleh', NULL, NULL, NULL, NULL, NULL, '123456789', NULL, NULL, NULL, 'mahsah@gmail.com', '2017-06-23 01:18:28', 1, NULL),
(825, 4, 20000, NULL, 'estepa Bleh', NULL, NULL, NULL, NULL, NULL, '123456789', NULL, NULL, NULL, 'mahsah@gmail.com', '2017-06-23 01:18:28', 1, NULL),
(826, 4, 20000, NULL, 'estepa Bleh', NULL, NULL, NULL, NULL, NULL, '123456789', NULL, NULL, NULL, 'mahsah@gmail.com', '2017-06-23 01:18:28', 1, NULL),
(827, 4, 20000, NULL, 'estepa Bleh', NULL, NULL, NULL, NULL, NULL, '123456789', NULL, NULL, NULL, 'mahsah@gmail.com', '2017-06-23 01:18:28', 1, NULL),
(828, 4, 20000, NULL, 'estepa Bleh', NULL, NULL, NULL, NULL, NULL, '123456789', NULL, NULL, NULL, 'mahsah@gmail.com', '2017-06-23 01:18:28', 1, NULL),
(829, 4, 20000, NULL, 'estepa Bleh', NULL, NULL, NULL, NULL, NULL, '123456789', NULL, NULL, NULL, 'mahsah@gmail.com', '2017-06-23 01:18:28', 1, NULL),
(830, 4, 20000, NULL, 'estepa Bleh', NULL, NULL, NULL, NULL, NULL, '123456789', NULL, NULL, NULL, 'mahsah@gmail.com', '2017-06-23 01:18:28', 1, NULL),
(831, 4, 20000, NULL, 'estepa Bleh', NULL, NULL, NULL, NULL, NULL, '123456789', NULL, NULL, NULL, 'mahsah@gmail.com', '2017-06-23 01:18:28', 1, NULL),
(832, 4, 20000, NULL, 'estepa Bleh', NULL, NULL, NULL, NULL, NULL, '123456789', NULL, NULL, NULL, 'mahsah@gmail.com', '2017-06-23 01:18:28', 1, NULL),
(833, 4, 20000, NULL, 'estepa Bleh', NULL, NULL, NULL, NULL, NULL, '123456789', NULL, NULL, NULL, 'mahsah@gmail.com', '2017-06-23 01:18:28', 1, NULL),
(834, 4, 20000, NULL, 'estepa Bleh', NULL, NULL, NULL, NULL, NULL, '123456789', NULL, NULL, NULL, 'mahsah@gmail.com', '2017-06-23 01:18:28', 1, NULL),
(835, 4, 20000, NULL, 'estepa Bleh', NULL, NULL, NULL, NULL, NULL, '123456789', NULL, NULL, NULL, 'mahsah@gmail.com', '2017-06-23 01:18:28', 1, NULL),
(836, 4, 20000, NULL, 'estepa Bleh', NULL, NULL, NULL, NULL, NULL, '123456789', NULL, NULL, NULL, 'mahsah@gmail.com', '2017-06-23 01:18:28', 1, NULL),
(837, 4, 20000, NULL, 'estepa Bleh', NULL, NULL, NULL, NULL, NULL, '123456789', NULL, NULL, NULL, 'mahsah@gmail.com', '2017-06-23 01:18:28', 1, NULL),
(838, 4, 20000, NULL, 'estepa Bleh', NULL, NULL, NULL, NULL, NULL, '123456789', NULL, NULL, NULL, 'mahsah@gmail.com', '2017-06-23 01:18:28', 1, NULL),
(839, 4, 20000, NULL, 'estepa Bleh', NULL, NULL, NULL, NULL, NULL, '123456789', NULL, NULL, NULL, 'mahsah@gmail.com', '2017-06-23 01:18:28', 1, NULL),
(840, 4, 20000, NULL, 'estepa Bleh', NULL, NULL, NULL, NULL, NULL, '123456789', NULL, NULL, NULL, 'mahsah@gmail.com', '2017-06-23 01:18:28', 1, NULL),
(841, 4, 20000, NULL, 'estepa Bleh', NULL, NULL, NULL, NULL, NULL, '123456789', NULL, NULL, NULL, 'mahsah@gmail.com', '2017-06-23 01:18:28', 1, NULL),
(842, 4, 20000, NULL, 'estepa Bleh', NULL, NULL, NULL, NULL, NULL, '123456789', NULL, NULL, NULL, 'mahsah@gmail.com', '2017-06-23 01:18:28', 1, NULL),
(843, 4, 20000, NULL, 'estepa Bleh', NULL, NULL, NULL, NULL, NULL, '123456789', NULL, NULL, NULL, 'mahsah@gmail.com', '2017-06-23 01:18:28', 1, NULL),
(844, 4, 20000, NULL, 'estepa Bleh', NULL, NULL, NULL, NULL, NULL, '123456789', NULL, NULL, NULL, 'mahsah@gmail.com', '2017-06-23 01:18:28', 1, NULL),
(845, 4, 20000, NULL, 'estepa Bleh', NULL, NULL, NULL, NULL, NULL, '123456789', NULL, NULL, NULL, 'mahsah@gmail.com', '2017-06-23 01:18:28', 1, NULL),
(846, 4, 20000, NULL, 'estepa Bleh', NULL, NULL, NULL, NULL, NULL, '123456789', NULL, NULL, NULL, 'mahsah@gmail.com', '2017-06-23 01:18:28', 1, NULL),
(847, 4, 20000, NULL, 'estepa Bleh', NULL, NULL, NULL, NULL, NULL, '123456789', NULL, NULL, NULL, 'mahsah@gmail.com', '2017-06-23 01:18:28', 1, NULL),
(848, 4, 20000, NULL, 'estepa Bleh', NULL, NULL, NULL, NULL, NULL, '123456789', NULL, NULL, NULL, 'mahsah@gmail.com', '2017-06-23 01:18:28', 1, NULL),
(849, 4, 20000, NULL, 'estepa Bleh', NULL, NULL, NULL, NULL, NULL, '123456789', NULL, NULL, NULL, 'mahsah@gmail.com', '2017-06-23 01:18:28', 1, NULL),
(850, 4, 20000, NULL, 'estepa Bleh', NULL, NULL, NULL, NULL, NULL, '123456789', NULL, NULL, NULL, 'mahsah@gmail.com', '2017-06-23 01:18:28', 1, NULL),
(851, 4, 20000, NULL, 'estepa Bleh', NULL, NULL, NULL, NULL, NULL, '123456789', NULL, NULL, NULL, 'mahsah@gmail.com', '2017-06-23 01:18:28', 1, NULL),
(852, 4, 20000, NULL, 'estepa Bleh', NULL, NULL, NULL, NULL, NULL, '123456789', NULL, NULL, NULL, 'mahsah@gmail.com', '2017-06-23 01:18:28', 1, NULL),
(853, 4, 20000, NULL, 'estepa Bleh', NULL, NULL, NULL, NULL, NULL, '123456789', NULL, NULL, NULL, 'mahsah@gmail.com', '2017-06-23 01:18:28', 1, NULL),
(854, 4, 20000, NULL, 'estepa Bleh', NULL, NULL, NULL, NULL, NULL, '123456789', NULL, NULL, NULL, 'mahsah@gmail.com', '2017-06-23 01:18:28', 1, NULL),
(855, 4, 20000, NULL, 'estepa Bleh', NULL, NULL, NULL, NULL, NULL, '123456789', NULL, NULL, NULL, 'mahsah@gmail.com', '2017-06-23 01:18:28', 1, NULL),
(856, 4, 20000, NULL, 'estepa Bleh', NULL, NULL, NULL, NULL, NULL, '123456789', NULL, NULL, NULL, 'mahsah@gmail.com', '2017-06-23 01:18:28', 1, NULL),
(857, 4, 20000, NULL, 'estepa Bleh', NULL, NULL, NULL, NULL, NULL, '123456789', NULL, NULL, NULL, 'mahsah@gmail.com', '2017-06-23 01:18:28', 1, NULL),
(858, 4, 20000, NULL, 'estepa Bleh', NULL, NULL, NULL, NULL, NULL, '123456789', NULL, NULL, NULL, 'mahsah@gmail.com', '2017-06-23 01:18:28', 1, NULL),
(859, 4, 20000, NULL, 'estepa Bleh', NULL, NULL, NULL, NULL, NULL, '123456789', NULL, NULL, NULL, 'mahsah@gmail.com', '2017-06-23 01:18:28', 1, NULL),
(860, 4, 20000, NULL, 'estepa Bleh', NULL, NULL, NULL, NULL, NULL, '123456789', NULL, NULL, NULL, 'mahsah@gmail.com', '2017-06-23 01:18:28', 1, NULL),
(861, 4, 20000, NULL, 'estepa Bleh', NULL, NULL, NULL, NULL, NULL, '123456789', NULL, NULL, NULL, 'mahsah@gmail.com', '2017-06-23 01:18:28', 1, NULL),
(862, 4, 20000, NULL, 'estepa Bleh', NULL, NULL, NULL, NULL, NULL, '123456789', NULL, NULL, NULL, 'mahsah@gmail.com', '2017-06-23 01:18:28', 1, NULL),
(863, 4, 20000, NULL, 'estepa Bleh', NULL, NULL, NULL, NULL, NULL, '123456789', NULL, NULL, NULL, 'mahsah@gmail.com', '2017-06-23 01:18:28', 1, NULL),
(864, 4, 20000, NULL, 'estepa Bleh', NULL, NULL, NULL, NULL, NULL, '123456789', NULL, NULL, NULL, 'mahsah@gmail.com', '2017-06-23 01:18:28', 1, NULL),
(865, 4, 20000, NULL, 'estepa Bleh', NULL, NULL, NULL, NULL, NULL, '123456789', NULL, NULL, NULL, 'mahsah@gmail.com', '2017-06-23 01:18:28', 1, NULL),
(866, 4, 20000, NULL, 'estepa Bleh', NULL, NULL, NULL, NULL, NULL, '123456789', NULL, NULL, NULL, 'mahsah@gmail.com', '2017-06-23 01:18:28', 1, NULL),
(867, 4, 20000, NULL, 'estepa Bleh', NULL, NULL, NULL, NULL, NULL, '123456789', NULL, NULL, NULL, 'mahsah@gmail.com', '2017-06-23 01:18:28', 1, NULL),
(868, 4, 20000, NULL, 'estepa Bleh', NULL, NULL, NULL, NULL, NULL, '123456789', NULL, NULL, NULL, 'mahsah@gmail.com', '2017-06-23 01:18:28', 1, NULL),
(869, 4, 20000, NULL, 'estepa Bleh', NULL, NULL, NULL, NULL, NULL, '123456789', NULL, NULL, NULL, 'mahsah@gmail.com', '2017-06-23 01:18:28', 1, NULL),
(870, 4, 20000, NULL, 'estepa Bleh', NULL, NULL, NULL, NULL, NULL, '123456789', NULL, NULL, NULL, 'mahsah@gmail.com', '2017-06-23 01:18:28', 1, NULL),
(871, 4, 20000, NULL, 'estepa Bleh', NULL, NULL, NULL, NULL, NULL, '123456789', NULL, NULL, NULL, 'mahsah@gmail.com', '2017-06-23 01:18:28', 1, NULL),
(872, 4, 20000, NULL, 'estepa Bleh', NULL, NULL, NULL, NULL, NULL, '123456789', NULL, NULL, NULL, 'mahsah@gmail.com', '2017-06-23 01:18:28', 1, NULL),
(873, 4, 20000, NULL, 'estepa Bleh', NULL, NULL, NULL, NULL, NULL, '123456789', NULL, NULL, NULL, 'mahsah@gmail.com', '2017-06-23 01:18:28', 1, NULL),
(874, 4, 20000, NULL, 'estepa Bleh', NULL, NULL, NULL, NULL, NULL, '123456789', NULL, NULL, NULL, 'mahsah@gmail.com', '2017-06-23 01:18:28', 1, NULL),
(875, 4, 20000, NULL, 'estepa Bleh', NULL, NULL, NULL, NULL, NULL, '123456789', NULL, NULL, NULL, 'mahsah@gmail.com', '2017-06-23 01:18:28', 1, NULL),
(876, 4, 20000, NULL, 'estepa Bleh', NULL, NULL, NULL, NULL, NULL, '123456789', NULL, NULL, NULL, 'mahsah@gmail.com', '2017-06-23 01:18:28', 1, NULL),
(877, 4, 20000, NULL, 'estepa Bleh', NULL, NULL, NULL, NULL, NULL, '123456789', NULL, NULL, NULL, 'mahsah@gmail.com', '2017-06-23 01:18:28', 1, NULL),
(878, 4, 20000, NULL, 'estepa Bleh', NULL, NULL, NULL, NULL, NULL, '123456789', NULL, NULL, NULL, 'mahsah@gmail.com', '2017-06-23 01:18:28', 1, NULL),
(879, 4, 20000, NULL, 'estepa Bleh', NULL, NULL, NULL, NULL, NULL, '123456789', NULL, NULL, NULL, 'mahsah@gmail.com', '2017-06-23 01:18:28', 1, NULL),
(880, 4, 20000, NULL, 'estepa Bleh', NULL, NULL, NULL, NULL, NULL, '123456789', NULL, NULL, NULL, 'mahsah@gmail.com', '2017-06-23 01:18:28', 1, NULL),
(881, 4, 20000, NULL, 'estepa Bleh', NULL, NULL, NULL, NULL, NULL, '123456789', NULL, NULL, NULL, 'mahsah@gmail.com', '2017-06-23 01:18:28', 1, NULL),
(882, 4, 20000, NULL, 'estepa Bleh', NULL, NULL, NULL, NULL, NULL, '123456789', NULL, NULL, NULL, 'mahsah@gmail.com', '2017-06-23 01:18:28', 1, NULL),
(883, 4, 20000, NULL, 'estepa Bleh', NULL, NULL, NULL, NULL, NULL, '123456789', NULL, NULL, NULL, 'mahsah@gmail.com', '2017-06-23 01:18:28', 1, NULL),
(884, 4, 20000, NULL, 'estepa Bleh', NULL, NULL, NULL, NULL, NULL, '123456789', NULL, NULL, NULL, 'mahsah@gmail.com', '2017-06-23 01:18:28', 1, NULL),
(885, 4, 20000, NULL, 'estepa Bleh', NULL, NULL, NULL, NULL, NULL, '123456789', NULL, NULL, NULL, 'mahsah@gmail.com', '2017-06-23 01:18:28', 1, NULL),
(886, 4, 20000, NULL, 'estepa Bleh', NULL, NULL, NULL, NULL, NULL, '123456789', NULL, NULL, NULL, 'mahsah@gmail.com', '2017-06-23 01:18:28', 1, NULL),
(887, 4, 20000, NULL, 'estepa Bleh', NULL, NULL, NULL, NULL, NULL, '123456789', NULL, NULL, NULL, 'mahsah@gmail.com', '2017-06-23 01:18:28', 1, NULL),
(888, 4, 20000, NULL, 'estepa Bleh', NULL, NULL, NULL, NULL, NULL, '123456789', NULL, NULL, NULL, 'mahsah@gmail.com', '2017-06-23 01:18:28', 1, NULL),
(889, 4, 20000, NULL, 'estepa Bleh', NULL, NULL, NULL, NULL, NULL, '123456789', NULL, NULL, NULL, 'mahsah@gmail.com', '2017-06-23 01:18:28', 1, NULL),
(890, 4, 20000, NULL, 'estepa Bleh', NULL, NULL, NULL, NULL, NULL, '123456789', NULL, NULL, NULL, 'mahsah@gmail.com', '2017-06-23 01:18:28', 1, NULL),
(891, 4, 20000, NULL, 'estepa Bleh', NULL, NULL, NULL, NULL, NULL, '123456789', NULL, NULL, NULL, 'mahsah@gmail.com', '2017-06-23 01:18:28', 1, NULL),
(892, 4, 20000, NULL, 'estepa Bleh', NULL, NULL, NULL, NULL, NULL, '123456789', NULL, NULL, NULL, 'mahsah@gmail.com', '2017-06-23 01:18:28', 1, NULL),
(893, 4, 20000, NULL, 'estepa Bleh', NULL, NULL, NULL, NULL, NULL, '123456789', NULL, NULL, NULL, 'mahsah@gmail.com', '2017-06-23 01:18:28', 1, NULL),
(894, 4, 20000, NULL, 'estepa Bleh', NULL, NULL, NULL, NULL, NULL, '123456789', NULL, NULL, NULL, 'mahsah@gmail.com', '2017-06-23 01:18:28', 1, NULL),
(895, 4, 20000, NULL, 'estepa Bleh', NULL, NULL, NULL, NULL, NULL, '123456789', NULL, NULL, NULL, 'mahsah@gmail.com', '2017-06-23 01:18:28', 1, NULL),
(896, 4, 20000, NULL, 'estepa Bleh', NULL, NULL, NULL, NULL, NULL, '123456789', NULL, NULL, NULL, 'mahsah@gmail.com', '2017-06-23 01:18:28', 1, NULL),
(897, 4, 20000, NULL, 'estepa Bleh', NULL, NULL, NULL, NULL, NULL, '123456789', NULL, NULL, NULL, 'mahsah@gmail.com', '2017-06-23 01:18:28', 1, NULL),
(898, 4, 20000, NULL, 'estepa Bleh', NULL, NULL, NULL, NULL, NULL, '123456789', NULL, NULL, NULL, 'mahsah@gmail.com', '2017-06-23 01:18:28', 1, NULL),
(899, 4, 20000, NULL, 'estepa Bleh', NULL, NULL, NULL, NULL, NULL, '123456789', NULL, NULL, NULL, 'mahsah@gmail.com', '2017-06-23 01:18:28', 1, NULL),
(900, 4, 20000, NULL, 'estepa Bleh', NULL, NULL, NULL, NULL, NULL, '123456789', NULL, NULL, NULL, 'mahsah@gmail.com', '2017-06-23 01:18:28', 1, NULL),
(901, 4, 20000, NULL, 'estepa Bleh', NULL, NULL, NULL, NULL, NULL, '123456789', NULL, NULL, NULL, 'mahsah@gmail.com', '2017-06-23 01:18:28', 1, NULL),
(902, 4, 20000, NULL, 'estepa Bleh', NULL, NULL, NULL, NULL, NULL, '123456789', NULL, NULL, NULL, 'mahsah@gmail.com', '2017-06-23 01:18:28', 1, NULL),
(903, 4, 20000, NULL, 'estepa Bleh', NULL, NULL, NULL, NULL, NULL, '123456789', NULL, NULL, NULL, 'mahsah@gmail.com', '2017-06-23 01:18:28', 1, NULL),
(904, 4, 20000, NULL, 'estepa Bleh', NULL, NULL, NULL, NULL, NULL, '123456789', NULL, NULL, NULL, 'mahsah@gmail.com', '2017-06-23 01:18:28', 1, NULL),
(905, 4, 20000, NULL, 'estepa Bleh', NULL, NULL, NULL, NULL, NULL, '123456789', NULL, NULL, NULL, 'mahsah@gmail.com', '2017-06-23 01:18:28', 1, NULL),
(906, 4, 20000, NULL, 'estepa Bleh', NULL, NULL, NULL, NULL, NULL, '123456789', NULL, NULL, NULL, 'mahsah@gmail.com', '2017-06-23 01:18:28', 1, NULL),
(907, 4, 20000, NULL, 'estepa Bleh', NULL, NULL, NULL, NULL, NULL, '123456789', NULL, NULL, NULL, 'mahsah@gmail.com', '2017-06-23 01:18:28', 1, NULL),
(908, 4, 20000, NULL, 'estepa Bleh', NULL, NULL, NULL, NULL, NULL, '123456789', NULL, NULL, NULL, 'mahsah@gmail.com', '2017-06-23 01:18:28', 1, NULL),
(909, 4, 20000, NULL, 'estepa Bleh', NULL, NULL, NULL, NULL, NULL, '123456789', NULL, NULL, NULL, 'mahsah@gmail.com', '2017-06-23 01:18:28', 1, NULL),
(910, 4, 20000, NULL, 'estepa Bleh', NULL, NULL, NULL, NULL, NULL, '123456789', NULL, NULL, NULL, 'mahsah@gmail.com', '2017-06-23 01:18:28', 1, NULL),
(911, 4, 20000, NULL, 'estepa Bleh', NULL, NULL, NULL, NULL, NULL, '123456789', NULL, NULL, NULL, 'mahsah@gmail.com', '2017-06-23 01:18:28', 1, NULL),
(912, 4, 20000, NULL, 'estepa Bleh', NULL, NULL, NULL, NULL, NULL, '123456789', NULL, NULL, NULL, 'mahsah@gmail.com', '2017-06-23 01:18:28', 1, NULL),
(913, 4, 20000, NULL, 'estepa Bleh', NULL, NULL, NULL, NULL, NULL, '123456789', NULL, NULL, NULL, 'mahsah@gmail.com', '2017-06-23 01:18:28', 1, NULL),
(914, 4, 20000, NULL, 'estepa Bleh', NULL, NULL, NULL, NULL, NULL, '123456789', NULL, NULL, NULL, 'mahsah@gmail.com', '2017-06-23 01:18:28', 1, NULL),
(915, 4, 20000, NULL, 'estepa Bleh', NULL, NULL, NULL, NULL, NULL, '123456789', NULL, NULL, NULL, 'mahsah@gmail.com', '2017-06-23 01:18:28', 1, NULL),
(916, 4, 20000, NULL, 'estepa Bleh', NULL, NULL, NULL, NULL, NULL, '123456789', NULL, NULL, NULL, 'mahsah@gmail.com', '2017-06-23 01:18:28', 1, NULL),
(917, 4, 20000, NULL, 'estepa Bleh', NULL, NULL, NULL, NULL, NULL, '123456789', NULL, NULL, NULL, 'mahsah@gmail.com', '2017-06-23 01:18:28', 1, NULL),
(918, 4, 20000, NULL, 'estepa Bleh', NULL, NULL, NULL, NULL, NULL, '123456789', NULL, NULL, NULL, 'mahsah@gmail.com', '2017-06-23 01:18:28', 1, NULL),
(919, 4, 20000, NULL, 'estepa Bleh', NULL, NULL, NULL, NULL, NULL, '123456789', NULL, NULL, NULL, 'mahsah@gmail.com', '2017-06-23 01:18:28', 1, NULL),
(920, 4, 20000, NULL, 'estepa Bleh', NULL, NULL, NULL, NULL, NULL, '123456789', NULL, NULL, NULL, 'mahsah@gmail.com', '2017-06-23 01:18:28', 1, NULL),
(921, 4, 20000, NULL, 'estepa Bleh', NULL, NULL, NULL, NULL, NULL, '123456789', NULL, NULL, NULL, 'mahsah@gmail.com', '2017-06-23 01:18:28', 1, NULL),
(922, 4, 20000, NULL, 'estepa Bleh', NULL, NULL, NULL, NULL, NULL, '123456789', NULL, NULL, NULL, 'mahsah@gmail.com', '2017-06-23 01:18:28', 1, NULL),
(923, 4, 20000, NULL, 'estepa Bleh', NULL, NULL, NULL, NULL, NULL, '123456789', NULL, NULL, NULL, 'mahsah@gmail.com', '2017-06-23 01:18:28', 1, NULL),
(924, 4, 20000, NULL, 'estepa Bleh', NULL, NULL, NULL, NULL, NULL, '123456789', NULL, NULL, NULL, 'mahsah@gmail.com', '2017-06-23 01:18:28', 1, NULL),
(925, 4, 20000, NULL, 'estepa Bleh', NULL, NULL, NULL, NULL, NULL, '123456789', NULL, NULL, NULL, 'mahsah@gmail.com', '2017-06-23 01:18:28', 1, NULL),
(926, 4, 20000, NULL, 'estepa Bleh', NULL, NULL, NULL, NULL, NULL, '123456789', NULL, NULL, NULL, 'mahsah@gmail.com', '2017-06-23 01:18:28', 1, NULL),
(927, 4, 20000, NULL, 'estepa Bleh', NULL, NULL, NULL, NULL, NULL, '123456789', NULL, NULL, NULL, 'mahsah@gmail.com', '2017-06-23 01:18:28', 1, NULL),
(928, 4, 20000, NULL, 'estepa Bleh', NULL, NULL, NULL, NULL, NULL, '123456789', NULL, NULL, NULL, 'mahsah@gmail.com', '2017-06-23 01:18:28', 1, NULL),
(929, 4, 20000, NULL, 'estepa Bleh', NULL, NULL, NULL, NULL, NULL, '123456789', NULL, NULL, NULL, 'mahsah@gmail.com', '2017-06-23 01:18:28', 1, NULL),
(930, 4, 20000, NULL, 'estepa Bleh', NULL, NULL, NULL, NULL, NULL, '123456789', NULL, NULL, NULL, 'mahsah@gmail.com', '2017-06-23 01:18:28', 1, NULL),
(931, 4, 20000, NULL, 'estepa Bleh', NULL, NULL, NULL, NULL, NULL, '123456789', NULL, NULL, NULL, 'mahsah@gmail.com', '2017-06-23 01:18:28', 1, NULL),
(932, 4, 20000, NULL, 'estepa Bleh', NULL, NULL, NULL, NULL, NULL, '123456789', NULL, NULL, NULL, 'mahsah@gmail.com', '2017-06-23 01:18:28', 1, NULL),
(933, 4, 20000, NULL, 'estepa Bleh', NULL, NULL, NULL, NULL, NULL, '123456789', NULL, NULL, NULL, 'mahsah@gmail.com', '2017-06-23 01:18:28', 1, NULL),
(934, 4, 20000, NULL, 'estepa Bleh', NULL, NULL, NULL, NULL, NULL, '123456789', NULL, NULL, NULL, 'mahsah@gmail.com', '2017-06-23 01:18:28', 1, NULL),
(935, 4, 20000, NULL, 'estepa Bleh', NULL, NULL, NULL, NULL, NULL, '123456789', NULL, NULL, NULL, 'mahsah@gmail.com', '2017-06-23 01:18:28', 1, NULL),
(936, 4, 20000, NULL, 'estepa Bleh', NULL, NULL, NULL, NULL, NULL, '123456789', NULL, NULL, NULL, 'mahsah@gmail.com', '2017-06-23 01:18:28', 1, NULL),
(937, 4, 20000, NULL, 'estepa Bleh', NULL, NULL, NULL, NULL, NULL, '123456789', NULL, NULL, NULL, 'mahsah@gmail.com', '2017-06-23 01:18:28', 1, NULL),
(938, 4, 20000, NULL, 'estepa Bleh', NULL, NULL, NULL, NULL, NULL, '123456789', NULL, NULL, NULL, 'mahsah@gmail.com', '2017-06-23 01:18:28', 1, NULL),
(939, 4, 20000, NULL, 'estepa Bleh', NULL, NULL, NULL, NULL, NULL, '123456789', NULL, NULL, NULL, 'mahsah@gmail.com', '2017-06-23 01:18:28', 1, NULL),
(940, 4, 20000, NULL, 'estepa Bleh', NULL, NULL, NULL, NULL, NULL, '123456789', NULL, NULL, NULL, 'mahsah@gmail.com', '2017-06-23 01:18:28', 1, NULL),
(941, 4, 20000, NULL, 'estepa Bleh', NULL, NULL, NULL, NULL, NULL, '123456789', NULL, NULL, NULL, 'mahsah@gmail.com', '2017-06-23 01:18:28', 1, NULL),
(942, 4, 20000, NULL, 'estepa Bleh', NULL, NULL, NULL, NULL, NULL, '123456789', NULL, NULL, NULL, 'mahsah@gmail.com', '2017-06-23 01:18:28', 1, NULL),
(943, 4, 20000, NULL, 'estepa Bleh', NULL, NULL, NULL, NULL, NULL, '123456789', NULL, NULL, NULL, 'mahsah@gmail.com', '2017-06-23 01:18:28', 1, NULL),
(944, 4, 20000, NULL, 'estepa Bleh', NULL, NULL, NULL, NULL, NULL, '123456789', NULL, NULL, NULL, 'mahsah@gmail.com', '2017-06-23 01:18:28', 1, NULL),
(945, 4, 20000, NULL, 'estepa Bleh', NULL, NULL, NULL, NULL, NULL, '123456789', NULL, NULL, NULL, 'mahsah@gmail.com', '2017-06-23 01:18:28', 1, NULL),
(946, 4, 20000, NULL, 'estepa Bleh', NULL, NULL, NULL, NULL, NULL, '123456789', NULL, NULL, NULL, 'mahsah@gmail.com', '2017-06-23 01:18:28', 1, NULL),
(947, 4, 20000, NULL, 'estepa Bleh', NULL, NULL, NULL, NULL, NULL, '123456789', NULL, NULL, NULL, 'mahsah@gmail.com', '2017-06-23 01:18:28', 1, NULL),
(948, 4, 20000, NULL, 'estepa Bleh', NULL, NULL, NULL, NULL, NULL, '123456789', NULL, NULL, NULL, 'mahsah@gmail.com', '2017-06-23 01:18:28', 1, NULL),
(949, 4, 20000, NULL, 'estepa Bleh', NULL, NULL, NULL, NULL, NULL, '123456789', NULL, NULL, NULL, 'mahsah@gmail.com', '2017-06-23 01:18:28', 1, NULL),
(950, 4, 20000, NULL, 'estepa Bleh', NULL, NULL, NULL, NULL, NULL, '123456789', NULL, NULL, NULL, 'mahsah@gmail.com', '2017-06-23 01:18:28', 1, NULL),
(951, 4, 20000, NULL, 'estepa Bleh', NULL, NULL, NULL, NULL, NULL, '123456789', NULL, NULL, NULL, 'mahsah@gmail.com', '2017-06-23 01:18:28', 1, NULL),
(952, 4, 20000, NULL, 'estepa Bleh', NULL, NULL, NULL, NULL, NULL, '123456789', NULL, NULL, NULL, 'mahsah@gmail.com', '2017-06-23 01:18:28', 1, NULL),
(953, 4, 20000, NULL, 'estepa Bleh', NULL, NULL, NULL, NULL, NULL, '123456789', NULL, NULL, NULL, 'mahsah@gmail.com', '2017-06-23 01:18:28', 1, NULL),
(954, 4, 20000, NULL, 'estepa Bleh', NULL, NULL, NULL, NULL, NULL, '123456789', NULL, NULL, NULL, 'mahsah@gmail.com', '2017-06-23 01:18:28', 1, NULL),
(955, 4, 20000, NULL, 'estepa Bleh', NULL, NULL, NULL, NULL, NULL, '123456789', NULL, NULL, NULL, 'mahsah@gmail.com', '2017-06-23 01:18:28', 1, NULL),
(956, 4, 20000, NULL, 'estepa Bleh', NULL, NULL, NULL, NULL, NULL, '123456789', NULL, NULL, NULL, 'mahsah@gmail.com', '2017-06-23 01:18:28', 1, NULL),
(957, 4, 20000, NULL, 'estepa Bleh', NULL, NULL, NULL, NULL, NULL, '123456789', NULL, NULL, NULL, 'mahsah@gmail.com', '2017-06-23 01:18:28', 1, NULL),
(958, 4, 20000, NULL, 'estepa Bleh', NULL, NULL, NULL, NULL, NULL, '123456789', NULL, NULL, NULL, 'mahsah@gmail.com', '2017-06-23 01:18:28', 1, NULL),
(959, 4, 20000, NULL, 'estepa Bleh', NULL, NULL, NULL, NULL, NULL, '123456789', NULL, NULL, NULL, 'mahsah@gmail.com', '2017-06-23 01:18:28', 1, NULL),
(960, 4, 20000, NULL, 'estepa Bleh', NULL, NULL, NULL, NULL, NULL, '123456789', NULL, NULL, NULL, 'mahsah@gmail.com', '2017-06-23 01:18:28', 1, NULL),
(961, 4, 20000, NULL, 'estepa Bleh', NULL, NULL, NULL, NULL, NULL, '123456789', NULL, NULL, NULL, 'mahsah@gmail.com', '2017-06-23 01:18:28', 1, NULL),
(962, 4, 20000, NULL, 'estepa Bleh', NULL, NULL, NULL, NULL, NULL, '123456789', NULL, NULL, NULL, 'mahsah@gmail.com', '2017-06-23 01:18:28', 1, NULL),
(963, 4, 20000, NULL, 'estepa Bleh', NULL, NULL, NULL, NULL, NULL, '123456789', NULL, NULL, NULL, 'mahsah@gmail.com', '2017-06-23 01:18:28', 1, NULL),
(964, 4, 20000, NULL, 'estepa Bleh', NULL, NULL, NULL, NULL, NULL, '123456789', NULL, NULL, NULL, 'mahsah@gmail.com', '2017-06-23 01:18:28', 1, NULL),
(965, 4, 20000, NULL, 'estepa Bleh', NULL, NULL, NULL, NULL, NULL, '123456789', NULL, NULL, NULL, 'mahsah@gmail.com', '2017-06-23 01:18:28', 1, NULL),
(966, 4, 20000, NULL, 'estepa Bleh', NULL, NULL, NULL, NULL, NULL, '123456789', NULL, NULL, NULL, 'mahsah@gmail.com', '2017-06-23 01:18:28', 1, NULL),
(967, 4, 20000, NULL, 'estepa Bleh', NULL, NULL, NULL, NULL, NULL, '123456789', NULL, NULL, NULL, 'mahsah@gmail.com', '2017-06-23 01:18:28', 1, NULL),
(968, 4, 20000, NULL, 'estepa Bleh', NULL, NULL, NULL, NULL, NULL, '123456789', NULL, NULL, NULL, 'mahsah@gmail.com', '2017-06-23 01:18:28', 1, NULL),
(969, 4, 20000, NULL, 'estepa Bleh', NULL, NULL, NULL, NULL, NULL, '123456789', NULL, NULL, NULL, 'mahsah@gmail.com', '2017-06-23 01:18:28', 1, NULL),
(970, 4, 20000, NULL, 'estepa Bleh', NULL, NULL, NULL, NULL, NULL, '123456789', NULL, NULL, NULL, 'mahsah@gmail.com', '2017-06-23 01:18:28', 1, NULL),
(971, 4, 20000, NULL, 'estepa Bleh', NULL, NULL, NULL, NULL, NULL, '123456789', NULL, NULL, NULL, 'mahsah@gmail.com', '2017-06-23 01:18:28', 1, NULL),
(972, 4, 20000, NULL, 'estepa Bleh', NULL, NULL, NULL, NULL, NULL, '123456789', NULL, NULL, NULL, 'mahsah@gmail.com', '2017-06-23 01:18:28', 1, NULL),
(973, 4, 20000, NULL, 'estepa Bleh', NULL, NULL, NULL, NULL, NULL, '123456789', NULL, NULL, NULL, 'mahsah@gmail.com', '2017-06-23 01:18:28', 1, NULL),
(974, 4, 20000, NULL, 'estepa Bleh', NULL, NULL, NULL, NULL, NULL, '123456789', NULL, NULL, NULL, 'mahsah@gmail.com', '2017-06-23 01:18:28', 1, NULL),
(975, 4, 20000, NULL, 'estepa Bleh', NULL, NULL, NULL, NULL, NULL, '123456789', NULL, NULL, NULL, 'mahsah@gmail.com', '2017-06-23 01:18:28', 1, NULL),
(976, 4, 20000, NULL, 'estepa Bleh', NULL, NULL, NULL, NULL, NULL, '123456789', NULL, NULL, NULL, 'mahsah@gmail.com', '2017-06-23 01:18:28', 1, NULL),
(977, 4, 20000, NULL, 'estepa Bleh', NULL, NULL, NULL, NULL, NULL, '123456789', NULL, NULL, NULL, 'mahsah@gmail.com', '2017-06-23 01:18:28', 1, NULL),
(978, 4, 20000, NULL, 'estepa Bleh', NULL, NULL, NULL, NULL, NULL, '123456789', NULL, NULL, NULL, 'mahsah@gmail.com', '2017-06-23 01:18:28', 1, NULL),
(979, 4, 20000, NULL, 'estepa Bleh', NULL, NULL, NULL, NULL, NULL, '123456789', NULL, NULL, NULL, 'mahsah@gmail.com', '2017-06-23 01:18:28', 1, NULL),
(980, 4, 20000, NULL, 'estepa Bleh', NULL, NULL, NULL, NULL, NULL, '123456789', NULL, NULL, NULL, 'mahsah@gmail.com', '2017-06-23 01:18:28', 1, NULL),
(981, 4, 20000, NULL, 'estepa Bleh', NULL, NULL, NULL, NULL, NULL, '123456789', NULL, NULL, NULL, 'mahsah@gmail.com', '2017-06-23 01:18:28', 1, NULL),
(982, 4, 20000, NULL, 'estepa Bleh', NULL, NULL, NULL, NULL, NULL, '123456789', NULL, NULL, NULL, 'mahsah@gmail.com', '2017-06-23 01:18:28', 1, NULL),
(983, 4, 20000, NULL, 'estepa Bleh', NULL, NULL, NULL, NULL, NULL, '123456789', NULL, NULL, NULL, 'mahsah@gmail.com', '2017-06-23 01:18:28', 1, NULL),
(984, 4, 20000, NULL, 'estepa Bleh', NULL, NULL, NULL, NULL, NULL, '123456789', NULL, NULL, NULL, 'mahsah@gmail.com', '2017-06-23 01:18:28', 1, NULL),
(985, 4, 20000, NULL, 'estepa Bleh', NULL, NULL, NULL, NULL, NULL, '123456789', NULL, NULL, NULL, 'mahsah@gmail.com', '2017-06-23 01:18:28', 1, NULL),
(986, 4, 20000, NULL, 'estepa Bleh', NULL, NULL, NULL, NULL, NULL, '123456789', NULL, NULL, NULL, 'mahsah@gmail.com', '2017-06-23 01:18:28', 1, NULL),
(987, 4, 20000, NULL, 'estepa Bleh', NULL, NULL, NULL, NULL, NULL, '123456789', NULL, NULL, NULL, 'mahsah@gmail.com', '2017-06-23 01:18:28', 1, NULL),
(988, 4, 20000, NULL, 'estepa Bleh', NULL, NULL, NULL, NULL, NULL, '123456789', NULL, NULL, NULL, 'mahsah@gmail.com', '2017-06-23 01:18:28', 1, NULL),
(989, 4, 20000, NULL, 'estepa Bleh', NULL, NULL, NULL, NULL, NULL, '123456789', NULL, NULL, NULL, 'mahsah@gmail.com', '2017-06-23 01:18:28', 1, NULL),
(990, 4, 20000, NULL, 'estepa Bleh', NULL, NULL, NULL, NULL, NULL, '123456789', NULL, NULL, NULL, 'mahsah@gmail.com', '2017-06-23 01:18:28', 1, NULL),
(991, 4, 20000, NULL, 'estepa Bleh', NULL, NULL, NULL, NULL, NULL, '123456789', NULL, NULL, NULL, 'mahsah@gmail.com', '2017-06-23 01:18:28', 1, NULL),
(992, 4, 20000, NULL, 'estepa Bleh', NULL, NULL, NULL, NULL, NULL, '123456789', NULL, NULL, NULL, 'mahsah@gmail.com', '2017-06-23 01:18:28', 1, NULL),
(993, 4, 20000, NULL, 'estepa Bleh', NULL, NULL, NULL, NULL, NULL, '123456789', NULL, NULL, NULL, 'mahsah@gmail.com', '2017-06-23 01:18:28', 1, NULL),
(994, 4, 20000, NULL, 'estepa Bleh', NULL, NULL, NULL, NULL, NULL, '123456789', NULL, NULL, NULL, 'mahsah@gmail.com', '2017-06-23 01:18:28', 1, NULL),
(995, 4, 20000, NULL, 'estepa Bleh', NULL, NULL, NULL, NULL, NULL, '123456789', NULL, NULL, NULL, 'mahsah@gmail.com', '2017-06-23 01:18:28', 1, NULL),
(996, 4, 20000, NULL, 'estepa Bleh', NULL, NULL, NULL, NULL, NULL, '123456789', NULL, NULL, NULL, 'mahsah@gmail.com', '2017-06-23 01:18:28', 1, NULL),
(997, 4, 20000, NULL, 'estepa Bleh', NULL, NULL, NULL, NULL, NULL, '123456789', NULL, NULL, NULL, 'mahsah@gmail.com', '2017-06-23 01:18:28', 1, NULL),
(998, 4, 20000, NULL, 'estepa Bleh', NULL, NULL, NULL, NULL, NULL, '123456789', NULL, NULL, NULL, 'mahsah@gmail.com', '2017-06-23 01:18:28', 1, NULL),
(999, 4, 20000, NULL, 'estepa Bleh', NULL, NULL, NULL, NULL, NULL, '123456789', NULL, NULL, NULL, 'mahsah@gmail.com', '2017-06-23 01:18:28', 1, NULL),
(1000, 4, 20000, NULL, 'estepa Bleh', NULL, NULL, NULL, NULL, NULL, '123456789', NULL, NULL, NULL, 'mahsah@gmail.com', '2017-06-23 01:18:28', 1, NULL);
INSERT INTO `orders` (`OrderID`, `OrderUserID`, `OrderAmount`, `OrderShipName`, `OrderShipAddress`, `OrderShipAddress2`, `OrderCity`, `OrderState`, `OrderZip`, `OrderCountry`, `OrderPhone`, `OrderFax`, `OrderShipping`, `OrderTax`, `OrderEmail`, `OrderDate`, `OrderShipped`, `OrderTrackingNumber`) VALUES
(1001, 4, 20000, NULL, 'estepa Bleh', NULL, NULL, NULL, NULL, NULL, '123456789', NULL, NULL, NULL, 'mahsah@gmail.com', '2017-06-23 01:18:28', 1, NULL),
(1002, 4, 20000, NULL, 'estepa Bleh', NULL, NULL, NULL, NULL, NULL, '123456789', NULL, NULL, NULL, 'mahsah@gmail.com', '2017-06-23 01:18:28', 1, NULL),
(1003, 4, 20000, NULL, 'estepa Bleh', NULL, NULL, NULL, NULL, NULL, '123456789', NULL, NULL, NULL, 'mahsah@gmail.com', '2017-06-23 01:18:28', 1, NULL),
(1004, 4, 20000, NULL, 'estepa Bleh', NULL, NULL, NULL, NULL, NULL, '123456789', NULL, NULL, NULL, 'mahsah@gmail.com', '2017-06-23 01:18:28', 1, NULL),
(1005, 4, 20000, NULL, 'estepa Bleh', NULL, NULL, NULL, NULL, NULL, '123456789', NULL, NULL, NULL, 'mahsah@gmail.com', '2017-06-23 01:18:28', 1, NULL),
(1006, 4, 20000, NULL, 'estepa Bleh', NULL, NULL, NULL, NULL, NULL, '123456789', NULL, NULL, NULL, 'mahsah@gmail.com', '2017-06-23 01:18:28', 1, NULL),
(1007, 4, 20000, NULL, 'estepa Bleh', NULL, NULL, NULL, NULL, NULL, '123456789', NULL, NULL, NULL, 'mahsah@gmail.com', '2017-06-23 01:18:28', 1, NULL),
(1008, 4, 20000, NULL, 'estepa Bleh', NULL, NULL, NULL, NULL, NULL, '123456789', NULL, NULL, NULL, 'mahsah@gmail.com', '2017-06-23 01:18:28', 1, NULL),
(1009, 4, 20000, NULL, 'estepa Bleh', NULL, NULL, NULL, NULL, NULL, '123456789', NULL, NULL, NULL, 'mahsah@gmail.com', '2017-06-23 01:18:28', 1, NULL),
(1010, 4, 20000, NULL, 'estepa Bleh', NULL, NULL, NULL, NULL, NULL, '123456789', NULL, NULL, NULL, 'mahsah@gmail.com', '2017-06-23 01:18:28', 1, NULL),
(1011, 4, 20000, NULL, 'estepa Bleh', NULL, NULL, NULL, NULL, NULL, '123456789', NULL, NULL, NULL, 'mahsah@gmail.com', '2017-06-23 01:18:28', 1, NULL),
(1012, 4, 20000, NULL, 'estepa Bleh', NULL, NULL, NULL, NULL, NULL, '123456789', NULL, NULL, NULL, 'mahsah@gmail.com', '2017-06-23 01:18:28', 1, NULL),
(1013, 4, 20000, NULL, 'estepa Bleh', NULL, NULL, NULL, NULL, NULL, '123456789', NULL, NULL, NULL, 'mahsah@gmail.com', '2017-06-23 01:18:28', 1, NULL),
(1014, 4, 20000, NULL, 'estepa Bleh', NULL, NULL, NULL, NULL, NULL, '123456789', NULL, NULL, NULL, 'mahsah@gmail.com', '2017-06-23 01:18:28', 1, NULL),
(1015, 4, 20000, NULL, 'estepa Bleh', NULL, NULL, NULL, NULL, NULL, '123456789', NULL, NULL, NULL, 'mahsah@gmail.com', '2017-06-23 01:18:28', 1, NULL),
(1016, 4, 20000, NULL, 'estepa Bleh', NULL, NULL, NULL, NULL, NULL, '123456789', NULL, NULL, NULL, 'mahsah@gmail.com', '2017-06-23 01:18:28', 1, NULL),
(1017, 4, 20000, NULL, 'estepa Bleh', NULL, NULL, NULL, NULL, NULL, '123456789', NULL, NULL, NULL, 'mahsah@gmail.com', '2017-06-23 01:18:28', 1, NULL),
(1018, 4, 20000, NULL, 'estepa Bleh', NULL, NULL, NULL, NULL, NULL, '123456789', NULL, NULL, NULL, 'mahsah@gmail.com', '2017-06-23 01:18:28', 1, NULL),
(1019, 4, 20000, NULL, 'estepa Bleh', NULL, NULL, NULL, NULL, NULL, '123456789', NULL, NULL, NULL, 'mahsah@gmail.com', '2017-06-23 01:18:28', 1, NULL),
(1020, 4, 20000, NULL, 'estepa Bleh', NULL, NULL, NULL, NULL, NULL, '123456789', NULL, NULL, NULL, 'mahsah@gmail.com', '2017-06-23 01:18:28', 1, NULL),
(1021, 4, 20000, NULL, 'estepa Bleh', NULL, NULL, NULL, NULL, NULL, '123456789', NULL, NULL, NULL, 'mahsah@gmail.com', '2017-06-23 01:18:28', 1, NULL),
(1022, 4, 20000, NULL, 'estepa Bleh', NULL, NULL, NULL, NULL, NULL, '123456789', NULL, NULL, NULL, 'mahsah@gmail.com', '2017-06-23 01:18:28', 1, NULL),
(1023, 4, 20000, NULL, 'estepa Bleh', NULL, NULL, NULL, NULL, NULL, '123456789', NULL, NULL, NULL, 'mahsah@gmail.com', '2017-06-23 01:18:28', 1, NULL);

-- --------------------------------------------------------

--
-- Estructura de tabla para la tabla `productcategories`
--

CREATE TABLE `productcategories` (
  `CategoryID` int(11) NOT NULL,
  `CategoryName` varchar(50) COLLATE latin1_german2_ci NOT NULL
) ENGINE=MyISAM DEFAULT CHARSET=latin1 COLLATE=latin1_german2_ci;

-- --------------------------------------------------------

--
-- Estructura de tabla para la tabla `productoptions`
--

CREATE TABLE `productoptions` (
  `ProductOptionID` int(10) UNSIGNED NOT NULL,
  `ProductID` int(10) UNSIGNED DEFAULT NULL,
  `OptionID` int(10) UNSIGNED DEFAULT NULL,
  `OptionPriceIncrement` double DEFAULT NULL,
  `OptionGroupID` int(11) DEFAULT NULL
) ENGINE=MyISAM DEFAULT CHARSET=latin1 COLLATE=latin1_german2_ci;

-- --------------------------------------------------------

--
-- Estructura de tabla para la tabla `products`
--

CREATE TABLE `products` (
  `ProductID` int(12) NOT NULL,
  `ProductSKU` varchar(50) COLLATE latin1_german2_ci DEFAULT NULL,
  `ProductName` varchar(100) COLLATE latin1_german2_ci NOT NULL,
  `ProductPrice` int(11) NOT NULL,
  `ProductWeight` int(11) DEFAULT NULL,
  `ProductCartDesc` varchar(250) COLLATE latin1_german2_ci DEFAULT NULL,
  `ProductShortDesc` varchar(1000) COLLATE latin1_german2_ci DEFAULT NULL,
  `ProductLongDesc` text COLLATE latin1_german2_ci NOT NULL,
  `ProductThumb` varchar(100) COLLATE latin1_german2_ci DEFAULT NULL,
  `ProductImage` blob,
  `ProductCategoryID` int(11) DEFAULT NULL,
  `ProductUpdateDate` timestamp NOT NULL DEFAULT CURRENT_TIMESTAMP,
  `ProductStock` int(11) DEFAULT NULL,
  `ProductLive` tinyint(1) DEFAULT '0',
  `ProductUnlimited` tinyint(1) DEFAULT '1',
  `ProductLocation` varchar(250) COLLATE latin1_german2_ci DEFAULT NULL
) ENGINE=MyISAM DEFAULT CHARSET=latin1 COLLATE=latin1_german2_ci;

--
-- Volcado de datos para la tabla `products`
--

INSERT INTO `products` (`ProductID`, `ProductSKU`, `ProductName`, `ProductPrice`, `ProductWeight`, `ProductCartDesc`, `ProductShortDesc`, `ProductLongDesc`, `ProductThumb`, `ProductImage`, `ProductCategoryID`, `ProductUpdateDate`, `ProductStock`, `ProductLive`, `ProductUnlimited`, `ProductLocation`) VALUES
(991, NULL, 'Producto De Prueba', 20000, NULL, NULL, NULL, 'sad', NULL, 0x737573686966756b7573756b6528434f4e20464b292e73716c, NULL, '2017-06-19 16:04:39', 20, 0, 1, NULL),
(992, NULL, 'Producto De Prueba 1', 3000, NULL, NULL, NULL, 'esta', NULL, 0x46756b7573756b6553757368692e70707478, NULL, '2017-06-19 16:16:45', 10, 0, 1, NULL),
(993, NULL, 'Producto De Prueba 1', 3000, NULL, NULL, NULL, 'esta', NULL, 0x46756b7573756b6553757368692e70707478, NULL, '2017-06-19 16:21:38', 10, 0, 1, NULL),
(995, NULL, 'dsada', 123, NULL, NULL, NULL, 'daa', NULL, NULL, NULL, '2017-06-23 22:53:18', 2, 0, 1, NULL),
(996, NULL, 'Roll de Canela', 8500, NULL, NULL, NULL, 'Exiquito roll de canela, envuelto en canela relleno de canela', NULL, NULL, NULL, '2017-06-26 20:07:27', 20, 0, 1, NULL),
(997, NULL, 'Roll de Canela', 8500, NULL, NULL, NULL, 'Exiquito roll de canela, envuelto en canela relleno de canela', NULL, NULL, NULL, '2017-06-26 20:11:13', 20, 0, 1, NULL);

-- --------------------------------------------------------

--
-- Estructura de tabla para la tabla `users`
--

CREATE TABLE `users` (
  `UserID` int(11) NOT NULL,
  `UserEmail` varchar(500) COLLATE latin1_german2_ci DEFAULT NULL,
  `UserPassword` varchar(500) COLLATE latin1_german2_ci DEFAULT NULL,
  `UserFirstName` varchar(50) COLLATE latin1_german2_ci DEFAULT NULL,
  `UserLastName` varchar(50) COLLATE latin1_german2_ci DEFAULT NULL,
  `UserCity` varchar(90) COLLATE latin1_german2_ci DEFAULT NULL,
  `UserState` varchar(20) COLLATE latin1_german2_ci DEFAULT NULL,
  `UserZip` varchar(12) COLLATE latin1_german2_ci DEFAULT NULL,
  `UserEmailVerified` tinyint(1) DEFAULT '0',
  `UserRegistrationDate` timestamp NULL DEFAULT CURRENT_TIMESTAMP,
  `UserVerificationCode` varchar(20) COLLATE latin1_german2_ci DEFAULT NULL,
  `UserIP` varchar(50) COLLATE latin1_german2_ci DEFAULT NULL,
  `UserPhone` varchar(20) COLLATE latin1_german2_ci DEFAULT NULL,
  `UserFax` varchar(20) COLLATE latin1_german2_ci DEFAULT NULL,
  `UserCountry` varchar(20) COLLATE latin1_german2_ci DEFAULT NULL,
  `UserAddress` varchar(100) COLLATE latin1_german2_ci DEFAULT NULL,
  `UserAddress2` varchar(50) COLLATE latin1_german2_ci DEFAULT NULL
) ENGINE=MyISAM DEFAULT CHARSET=latin1 COLLATE=latin1_german2_ci;

--
-- Volcado de datos para la tabla `users`
--

INSERT INTO `users` (`UserID`, `UserEmail`, `UserPassword`, `UserFirstName`, `UserLastName`, `UserCity`, `UserState`, `UserZip`, `UserEmailVerified`, `UserRegistrationDate`, `UserVerificationCode`, `UserIP`, `UserPhone`, `UserFax`, `UserCountry`, `UserAddress`, `UserAddress2`) VALUES
(1, 'juanperez@bleh.com', 'bleh', 'Juan', 'Perez', 'Santiago', 'Maipu', NULL, 1, '2017-06-19 15:26:04', NULL, NULL, '961914768', NULL, NULL, 'EstepaBleh', NULL),
(2, 'maurojaf@gmail.com', 'mauro1992', 'Mauricio', 'Atenas', NULL, NULL, NULL, 0, '2017-06-20 19:29:00', NULL, NULL, '961914768', NULL, NULL, 'Estepa Alta 05704', NULL),
(7, 'joako.gallardo@hotmail.com', 'bleh', 'joaquin', 'gallardo', NULL, NULL, NULL, 0, '2017-06-23 22:40:14', NULL, NULL, '1234567', NULL, NULL, 'san joaqin', NULL),
(4, 'fredy.retamak@gmail.com', '1234', 'fredy', 'retamal', NULL, NULL, NULL, 0, '2017-06-20 19:47:02', NULL, NULL, '12345678', NULL, NULL, 'puente alto', NULL),
(9, 'fei.sepulveda@alumnos.duoc.cl', '123412', 'felipe', 'sepulveda', NULL, NULL, NULL, 0, '2017-06-23 23:11:08', NULL, NULL, '1312331Âº', NULL, NULL, 'estepableh', NULL);

--
-- Índices para tablas volcadas
--

--
-- Indices de la tabla `optiongroups`
--
ALTER TABLE `optiongroups`
  ADD PRIMARY KEY (`OptionGroupID`);

--
-- Indices de la tabla `options`
--
ALTER TABLE `options`
  ADD PRIMARY KEY (`OptionID`);

--
-- Indices de la tabla `orderdetails`
--
ALTER TABLE `orderdetails`
  ADD PRIMARY KEY (`DetailID`);

--
-- Indices de la tabla `orders`
--
ALTER TABLE `orders`
  ADD PRIMARY KEY (`OrderID`);

--
-- Indices de la tabla `productcategories`
--
ALTER TABLE `productcategories`
  ADD PRIMARY KEY (`CategoryID`);

--
-- Indices de la tabla `productoptions`
--
ALTER TABLE `productoptions`
  ADD PRIMARY KEY (`ProductOptionID`);

--
-- Indices de la tabla `products`
--
ALTER TABLE `products`
  ADD PRIMARY KEY (`ProductID`);

--
-- Indices de la tabla `users`
--
ALTER TABLE `users`
  ADD PRIMARY KEY (`UserID`);

--
-- AUTO_INCREMENT de las tablas volcadas
--

--
-- AUTO_INCREMENT de la tabla `optiongroups`
--
ALTER TABLE `optiongroups`
  MODIFY `OptionGroupID` int(11) NOT NULL AUTO_INCREMENT, AUTO_INCREMENT=4;
--
-- AUTO_INCREMENT de la tabla `options`
--
ALTER TABLE `options`
  MODIFY `OptionID` int(11) NOT NULL AUTO_INCREMENT, AUTO_INCREMENT=9;
--
-- AUTO_INCREMENT de la tabla `orderdetails`
--
ALTER TABLE `orderdetails`
  MODIFY `DetailID` int(11) NOT NULL AUTO_INCREMENT, AUTO_INCREMENT=17;
--
-- AUTO_INCREMENT de la tabla `orders`
--
ALTER TABLE `orders`
  MODIFY `OrderID` int(11) NOT NULL AUTO_INCREMENT, AUTO_INCREMENT=1025;
--
-- AUTO_INCREMENT de la tabla `productcategories`
--
ALTER TABLE `productcategories`
  MODIFY `CategoryID` int(11) NOT NULL AUTO_INCREMENT, AUTO_INCREMENT=7;
--
-- AUTO_INCREMENT de la tabla `productoptions`
--
ALTER TABLE `productoptions`
  MODIFY `ProductOptionID` int(10) UNSIGNED NOT NULL AUTO_INCREMENT, AUTO_INCREMENT=9;
--
-- AUTO_INCREMENT de la tabla `products`
--
ALTER TABLE `products`
  MODIFY `ProductID` int(12) NOT NULL AUTO_INCREMENT, AUTO_INCREMENT=998;
--
-- AUTO_INCREMENT de la tabla `users`
--
ALTER TABLE `users`
  MODIFY `UserID` int(11) NOT NULL AUTO_INCREMENT, AUTO_INCREMENT=10;
/*!40101 SET CHARACTER_SET_CLIENT=@OLD_CHARACTER_SET_CLIENT */;
/*!40101 SET CHARACTER_SET_RESULTS=@OLD_CHARACTER_SET_RESULTS */;
/*!40101 SET COLLATION_CONNECTION=@OLD_COLLATION_CONNECTION */;
